Origin,Dest,count
SFO,LAX,5167
LAX,SFO,5087
LAX,LAS,4480
LAS,LAX,4301
LAX,PHX,3912
PHX,LAX,3720
LGA,ORD,3663
ORD,LGA,3546
ORD,MSP,3418
MSP,ORD,3387
HOU,DAL,3299
PHX,LAS,3265
LAS,PHX,3191
DAL,HOU,3033
LAX,ORD,2929
LAX,JFK,2917
ATL,DFW,2901
EWR,ORD,2895
DFW,ATL,2882
BOS,LGA,2873
ORD,LAX,2866
JFK,LAX,2865
ORD,DFW,2859
LGA,BOS,2828
ORD,EWR,2801
DFW,ORD,2767
ORD,ATL,2703
ORD,DCA,2646
BOS,DCA,2636
ATL,ORD,2634
OAK,LAX,2634
DCA,ORD,2621
ATL,LGA,2609
SAN,LAX,2608
DCA,BOS,2596
LAX,SEA,2567
LGA,ATL,2563
BOS,ORD,2559
ORD,BOS,2554
SAN,PHX,2550
LAX,SAN,2525
PHX,SAN,2516
LAX,OAK,2495
SEA,LAX,2483
SFO,SEA,2472
LGA,DCA,2462
DCA,LGA,2458
SEA,SFO,2445
PHL,ORD,2422
DFW,IAH,2414
ATL,MCO,2411
DEN,DFW,2406
LAX,SJC,2394
IAH,DFW,2390
SJC,LAX,2374
DFW,DEN,2369
MCO,ATL,2339
ORD,PHL,2327
DTW,ORD,2316
DFW,LAX,2287
ORD,SFO,2255
DEN,PHX,2250
ORD,DTW,2234
LAX,DEN,2231
DEN,LAX,2218
PHX,DEN,2215
PHL,ATL,2199
SFO,SAN,2195
SEA,ANC,2187
ATL,EWR,2187
BOS,PHL,2175
DEN,ORD,2174
ANC,SEA,2170
HNL,OGG,2166
LAX,DFW,2147
SFO,LAS,2124
SAN,SFO,2116
DEN,SLC,2105
OGG,HNL,2091
EWR,ATL,2089
ORD,DEN,2075
SFO,ORD,2073
SLC,DEN,2072
PHL,BOS,2068
MIA,ATL,2044
ATL,TPA,2040
ATL,MIA,2031
TPA,ATL,2025
PHX,ONT,2020
LAS,SFO,2007
ONT,PHX,2003
JFK,SFO,2001
EWR,BOS,2001
SAT,DFW,2000
DCA,ATL,1986
ATL,DCA,1969
AUS,DFW,1966
ATL,PHL,1959
ATL,CLT,1958
ATL,FLL,1953
BOS,EWR,1948
SFO,JFK,1941
DFW,SAT,1933
DFW,AUS,1933
CLT,ATL,1930
FLL,ATL,1907
ABQ,PHX,1875
DEN,LAS,1873
DFW,PHX,1873
DFW,LGA,1865
LAS,DEN,1854
HNL,LAX,1847
SLC,PHX,1841
PHX,ABQ,1836
IAH,ORD,1812
ORD,IAH,1800
ATL,DTW,1774
LGA,DFW,1754
DTW,ATL,1750
DEN,SFO,1742
MSP,DEN,1739
SFO,DEN,1738
ORD,PHX,1738
PHX,DFW,1731
LAS,SAN,1726
ATL,BWI,1724
LAX,HNL,1721
DEN,MSP,1718
LAX,SMF,1718
OAK,BUR,1717
SMF,LAX,1711
SAN,LAS,1710
PHX,SFO,1701
ORD,CVG,1689
EWR,MCO,1687
PHX,SLC,1686
CLE,ORD,1679
CVG,ORD,1670
PHX,ORD,1668
STL,ORD,1666
ATL,BOS,1661
BWI,ATL,1660
SFO,PHX,1659
IAH,ATL,1656
MCO,EWR,1650
DEN,SEA,1649
ORD,CLE,1649
BUR,OAK,1639
ORD,STL,1637
MSY,HOU,1630
SEA,DEN,1629
HOU,MSY,1622
SEA,ORD,1608
BOS,ATL,1607
SFO,DFW,1606
ATL,RDU,1592
ATL,JAX,1583
LAX,SLC,1583
CLT,ORD,1581
ORD,SEA,1577
DFW,SFO,1575
SFO,PDX,1568
LAS,DFW,1563
SLC,LAX,1561
ORD,CLT,1559
ATL,IAH,1558
PHL,MCO,1544
PDX,SFO,1539
ATL,DEN,1536
LGA,MIA,1533
DEN,ATL,1526
IAH,DEN,1524
DFW,LAS,1521
ATL,MEM,1519
MSP,ATL,1519
DEN,IAH,1514
RDU,ATL,1509
JAX,ATL,1505
SAT,DAL,1504
PIT,ORD,1502
MCO,PHL,1501
SAN,OAK,1494
HNL,LIH,1488
ATL,LAX,1488
DAL,SAT,1482
AUS,DAL,1479
DAL,AUS,1476
MIA,LGA,1472
OAK,SEA,1470
LAS,ORD,1463
MSP,DTW,1462
ATL,MSP,1462
ATL,MSY,1456
LAX,ATL,1450
BOS,BWI,1448
CLT,LGA,1448
LIH,HNL,1446
OAK,SAN,1445
ORD,LAS,1443
DFW,STL,1438
IAD,ATL,1437
MDW,STL,1436
BWI,BOS,1427
ORD,PIT,1426
MEM,ATL,1419
JFK,BOS,1411
ATL,PIT,1409
SLC,LAS,1408
MIA,ORD,1401
SNA,SFO,1400
LAS,SLC,1400
SJC,SAN,1398
STL,MDW,1397
MDW,DTW,1395
DCA,DFW,1393
SFO,SNA,1388
SAN,SJC,1383
ATL,IAD,1380
BUR,LAS,1379
DTW,MSP,1378
DFW,DCA,1376
LAS,BUR,1376
DTW,MDW,1375
STL,ATL,1375
ATL,STL,1373
EWR,LAX,1369
HNL,KOA,1367
PHX,ELP,1365
SEA,OAK,1363
PHX,SEA,1362
MSY,ATL,1361
ELP,PHX,1357
ORD,MIA,1355
LGA,DTW,1352
MDW,MCI,1352
LGA,CLT,1347
BOS,JFK,1345
MCI,MDW,1344
SNA,PHX,1343
PHX,SNA,1343
EWR,CLT,1336
DTW,EWR,1334
SEA,PHX,1334
LAS,SEA,1332
SNA,SJC,1330
CLT,EWR,1329
DTW,LGA,1329
LAX,EWR,1327
SJC,SNA,1326
PDX,LAX,1322
LAX,IAH,1320
DFW,MSP,1320
TUS,PHX,1319
ORD,CMH,1318
MSY,IAH,1317
IAH,MSY,1312
STL,DFW,1312
KOA,HNL,1311
JFK,MCO,1310
EWR,DFW,1302
PBI,ATL,1301
SJU,JFK,1301
IAH,LAX,1301
SMF,SAN,1298
ORD,MCI,1297
PIT,ATL,1297
LAS,RNO,1294
EWR,DTW,1292
MCO,DFW,1286
SEA,LAS,1285
MIA,DFW,1280
RNO,LAS,1280
IAD,LAX,1272
DFW,SAN,1271
DTW,DFW,1270
LAX,PDX,1267
MSP,DFW,1259
DFW,MIA,1259
PHX,TUS,1258
ATL,PBI,1258
BOS,DFW,1257
MCO,JFK,1254
DFW,CLT,1251
DFW,MCO,1249
ORD,MCO,1245
MCI,ORD,1235
MSP,PHX,1235
DFW,SEA,1234
RSW,ATL,1233
LGA,FLL,1230
DFW,PHL,1230
ORD,IND,1229
ATL,RSW,1229
JFK,SJU,1225
PHL,DFW,1223
CHS,ATL,1222
PDX,SEA,1222
SJC,SEA,1220
CLT,DFW,1217
LAX,IAD,1215
LGA,MCO,1215
OAK,ONT,1213
FLL,LGA,1210
DFW,EWR,1207
DFW,DTW,1205
ATL,CHS,1205
SAN,DFW,1203
BUR,PHX,1203
MCO,ORD,1201
DFW,BOS,1199
BOS,IAD,1198
MCO,BWI,1197
SAN,ORD,1194
FLL,EWR,1194
ATL,MCI,1192
MCI,DFW,1192
ORD,SAN,1192
TUL,DFW,1190
DEN,MCI,1190
MCO,MIA,1190
EWR,FLL,1189
ATL,BHM,1189
SAN,SMF,1184
MCO,LGA,1182
MCI,STL,1181
CMH,ORD,1181
SAN,DEN,1178
OKC,DFW,1177
SEA,GEG,1176
ORD,BNA,1175
STL,MCI,1174
DFW,MCI,1174
MSP,STL,1171
PHX,MSP,1170
DEN,SAN,1167
IAD,BOS,1163
BOS,MCO,1162
SEA,PDX,1161
ORD,BWI,1161
PHL,CLT,1161
ATL,BNA,1161
SEA,DFW,1158
STL,DTW,1158
DTW,STL,1157
BDL,ORD,1156
GEG,SEA,1156
ORD,DSM,1155
DFW,OKC,1154
IND,ORD,1151
DEN,PDX,1150
SFO,EWR,1146
SAT,HOU,1144
SAV,ATL,1143
BNA,ORD,1137
ATL,SAV,1136
SJC,PHX,1136
DFW,SLC,1134
DFW,BNA,1134
DFW,TUL,1132
EWR,SFO,1132
BWI,ORD,1131
ONT,OAK,1130
PHX,SJC,1130
BUR,SFO,1130
SEA,SJC,1129
IAH,AUS,1129
BNA,DFW,1126
OAK,PHX,1126
DFW,SNA,1125
BHM,ATL,1123
SNA,DFW,1122
PHX,BUR,1122
PHX,IAH,1120
DFW,ABQ,1120
MCI,ATL,1113
ELP,DFW,1112
BWI,MCO,1111
BWI,CLT,1110
SLC,DFW,1109
ORD,BUF,1108
MCI,DEN,1108
MIA,DCA,1108
IAH,PHX,1107
HOU,SAT,1105
ATL,PHX,1103
EWR,IAH,1102
IAH,EWR,1101
PHX,OAK,1100
SAT,IAH,1097
OAK,SNA,1097
DCA,MIA,1096
PHX,ATL,1094
STL,MSP,1094
ORD,BDL,1092
PNS,ATL,1084
ORD,SLC,1084
SLC,SFO,1084
IAH,SAT,1082
DFW,ELP,1082
PHL,DTW,1077
BNA,ATL,1075
SFO,SLC,1073
MCO,BOS,1072
CLT,BOS,1069
SNA,OAK,1068
OAK,LAS,1068
CLT,BWI,1067
RIC,ATL,1066
BUF,ORD,1064
LAX,BOS,1064
JFK,MIA,1063
PIT,PHL,1059
DFW,MEM,1057
MSY,DFW,1056
CLT,PHL,1056
AUS,IAH,1056
CVG,ATL,1054
SLC,ORD,1051
MIA,JFK,1049
JFK,FLL,1049
COS,DEN,1047
MIA,MCO,1045
HOU,AUS,1045
ATL,PNS,1044
DFW,MSY,1043
ATL,CAE,1043
ATL,GSO,1042
ONT,SMF,1042
CLE,ATL,1041
DEN,COS,1036
MEM,DFW,1036
DEN,IAD,1035
SFO,BUR,1033
LAS,OAK,1032
HNL,ITO,1032
DTW,PHL,1031
SMF,ONT,1031
DFW,LIT,1029
ORD,GRR,1029
MSP,MDW,1024
ATL,RIC,1024
GRR,ORD,1023
SFO,IAH,1021
PHL,PIT,1021
MIA,EWR,1020
FLL,JFK,1017
AUS,HOU,1017
DCA,EWR,1016
STL,PHX,1016
ATL,HOU,1015
BUR,SMF,1014
ORD,OMA,1013
DSM,ORD,1013
SMF,PHX,1012
ONT,LAS,1011
PHX,STL,1010
LAS,ATL,1009
ITO,HNL,1008
EWR,MIA,1008
BOS,LAX,1008
SEA,SLC,1006
OMA,ORD,1004
GSO,ATL,1003
LGA,CLE,1003
PDX,DEN,1002
SLC,SEA,1001
TUS,LAX,999
IND,ATL,998
ATL,LAS,997
MDW,MSP,997
IAD,SFO,997
TPA,DFW,996
RDU,CLT,995
CLT,MCO,995
CLE,BWI,995
CLE,LGA,994
FAI,ANC,994
TPA,FLL,994
DCA,CLT,994
LAS,SJC,994
PVD,BWI,993
IAH,SFO,992
LAS,SNA,992
PDX,PHX,991
ROC,ORD,991
LIT,DFW,990
BOS,CLT,990
SJC,PDX,989
SMF,SEA,989
PHX,SMF,989
GSP,ATL,988
FLL,TPA,987
EWR,DEN,986
ABQ,DEN,985
CLT,PIT,985
CLT,RDU,985
BWI,PVD,984
ORD,MEM,984
EWR,DCA,983
SJC,LAS,980
SNA,LAS,979
MCO,DTW,979
DEN,EWR,978
ATL,CLE,977
ANC,FAI,976
BOS,SFO,976
MDW,CLE,975
IAH,MIA,975
DFW,TPA,975
LGA,RDU,974
LGA,IAH,974
SMF,BUR,973
RDU,ORD,972
PHX,PDX,971
CAE,ATL,970
ABQ,DFW,970
CLE,MDW,969
IAH,LGA,968
SEA,SMF,966
CLT,DCA,964
ORD,MKE,963
LAS,ONT,962
SJU,MIA,961
DTW,DCA,961
ORD,ROC,960
IAD,ORD,959
HOU,ATL,959
BOS,DTW,958
LAX,TUS,957
ATL,CVG,955
MSP,LGA,955
DTW,BOS,953
MKE,ORD,952
IAD,DEN,952
ORD,IAD,952
MIA,SJU,950
SFO,BOS,948
DEN,STL,944
ATL,CMH,943
PIT,CLT,941
MIA,IAH,941
HOU,DFW,940
LGA,DEN,940
DCA,DTW,938
ATL,MDW,937
ATL,GSP,936
CLT,DTW,936
TUS,DFW,936
DTW,MCO,935
ATL,SLC,933
TPA,CLT,933
PHX,DTW,932
PDX,SJC,930
DEN,ABQ,929
MCO,CLT,929
SFO,ATL,929
ORD,RDU,929
ATL,IND,929
HSV,ATL,928
DEN,LGA,927
DFW,TUS,926
ORF,ATL,924
BNA,DTW,923
BWI,DTW,918
HNL,SFO,917
LGA,PBI,916
LAS,JFK,915
LAX,FAT,915
RDU,LGA,914
SFO,HNL,914
SJC,BUR,913
ATL,SFO,912
HOU,STL,912
LGA,MSP,912
ATL,SAT,911
CLT,TPA,911
SNA,DEN,906
MSN,ORD,904
DEN,DTW,901
MSP,MKE,900
BWI,CLE,900
DFW,HOU,897
ATL,SDF,895
STL,DEN,894
JFK,LAS,893
ORD,SNA,892
DTW,CLT,892
SNA,ORD,891
DEN,SNA,890
DTW,BNA,890
SDF,ATL,890
MDW,BNA,890
MDW,ATL,889
MIA,CLT,889
FAT,LAX,886
DFW,CVG,886
BUR,SJC,885
ATL,HSV,885
BNA,MDW,882
OAK,PDX,882
SEA,SAN,880
LAS,SMF,879
STL,HOU,877
DAL,LBB,877
CLT,IAH,877
EWR,MSP,876
TPA,PHL,875
IAH,CLT,875
HOU,HRL,874
OMA,DEN,874
SMF,DEN,872
PDX,ORD,871
DTW,BWI,869
ATL,ORF,869
DTW,PHX,869
PDX,OAK,868
MEM,ORD,866
PHX,MCI,866
DTW,DEN,865
MSP,EWR,865
FLL,PHL,864
AUS,PHX,864
CMH,ATL,864
ORD,PDX,863
SMF,LAS,861
SJC,DEN,860
CLT,MIA,858
SEA,MSP,858
SLC,PDX,858
ATL,TYS,857
IAD,MCO,857
ATL,MKE,856
SAT,ATL,850
DEN,SMF,846
MOB,ATL,846
DFW,SHV,846
HRL,HOU,845
SLC,ATL,845
SJC,DFW,845
TLH,ATL,843
SFO,IAD,842
PBI,LGA,841
IAD,DFW,841
TYS,ATL,841
DEN,SJC,839
LAX,MSP,839
MKE,MSP,839
MSP,LAX,837
DCA,IAH,834
MSP,SEA,834
MKE,ATL,833
CVG,DFW,832
DEN,PHL,830
ORD,MSN,829
IAH,DCA,827
DFW,FLL,827
SRQ,ATL,826
MCO,IAD,825
RDU,PHL,824
TPA,BWI,824
MCI,PHX,822
EWR,PBI,822
SHV,DFW,821
DFW,SJC,821
DAY,ORD,820
ATL,MOB,820
LAS,IAH,820
SLC,BOI,818
BWI,FLL,817
DCA,MSP,816
PHX,AUS,815
DEN,OMA,813
ONT,DFW,813
PDX,SLC,813
PIT,EWR,812
DCA,MCO,812
LBB,DAL,812
PHL,TPA,810
PHL,RDU,810
ATL,AGS,809
ATL,TLH,809
FLL,DFW,808
ORD,SYR,808
BTR,DFW,807
ATL,SRQ,806
PBI,EWR,803
IAH,LAS,802
SJC,ONT,801
LGA,PIT,801
ORD,AUS,801
LAX,MIA,799
PHL,FLL,797
BOI,SLC,797
EWR,PIT,795
CMH,MDW,795
ORD,TPA,791
DFW,IAD,788
BWI,TPA,786
EWR,CLE,785
AUS,ATL,785
DFW,RDU,781
IAH,MCO,781
MIA,TPA,780
DTW,IAH,780
TPA,EWR,780
SYR,ORD,779
MHT,BWI,779
GRR,DTW,777
MCO,DCA,776
ONT,SJC,775
SAN,SEA,774
RDU,DFW,774
FLL,BWI,772
CLT,FLL,771
ATL,DAY,771
FLL,CLT,771
PDX,LAS,770
MCO,SJU,770
MDW,BWI,769
DFW,ONT,769
IND,DTW,769
SMF,SNA,769
AUS,ORD,768
TUL,DAL,768
PHL,MIA,768
LAS,PDX,768
IAH,DAL,768
OAK,SLC,767
PHL,DEN,767
MIA,LAX,767
EWR,TPA,765
SNA,SMF,765
DFW,BTR,765
SLC,OAK,763
DAY,ATL,762
LAS,MSP,762
JAX,CLT,762
DEN,BOS,762
BWI,MDW,761
DAL,IAH,761
SJC,ORD,761
MSP,IAH,761
RDU,EWR,760
BWI,BNA,759
TPA,ORD,758
LAX,SBA,755
ORD,DAY,754
SFO,MSP,754
MSP,SFO,753
MIA,PHL,753
CLE,EWR,751
CLT,JAX,751
SLC,MSP,747
JAN,ATL,746
DAL,TUL,746
ABQ,LAX,745
MKE,DTW,745
DFW,COS,743
MCO,PIT,742
PHL,MSP,742
PIT,DTW,741
MCO,STL,741
MAF,DAL,741
DTW,PIT,741
SJU,MCO,740
OKC,DEN,740
STL,MCO,739
ATL,JAN,739
SFO,ONT,739
SEA,SNA,738
ATL,MGM,738
TPA,MIA,737
ORD,HPN,737
IAH,PHL,737
MCO,DEN,736
SNA,SEA,736
LAX,PHL,736
EWR,PHX,735
SEA,ATL,735
MCO,IAH,735
MSP,LAS,734
DTW,MKE,733
DAL,ABQ,733
EWR,STL,731
ORD,SJC,731
STL,LGA,730
PIT,LGA,730
DAL,MAF,730
MCI,MSP,729
IAH,DTW,728
DTW,GRR,727
MSP,MEM,727
SBA,LAX,725
MSP,SLC,725
DAL,AMA,725
BDL,ATL,724
DTW,IND,724
AMA,DFW,724
LAS,ABQ,723
MIA,BOS,723
BOS,DEN,721
LAS,DTW,721
BWI,MHT,721
ORD,CID,720
BOS,RDU,719
DEN,MCO,717
MSP,DCA,717
ATL,BDL,715
LAX,ABQ,715
AMA,DAL,713
CVG,EWR,713
DCA,STL,713
STL,EWR,712
OKC,DAL,712
MDW,CMH,712
LGA,STL,712
ABQ,DAL,711
PIT,BOS,711
MGM,ATL,710
MSP,BOS,709
DFW,BWI,709
HPN,ORD,709
PHX,RNO,708
BOS,PIT,708
PHL,IAH,706
ORD,ALB,706
PHL,LAX,705
CID,ORD,705
STL,DCA,704
CLT,RIC,704
DAL,LIT,704
MSP,PHL,704
MCO,FLL,703
DCA,JFK,703
COS,DFW,702
DAB,ATL,701
FLL,MCO,699
LEX,ATL,698
MEM,MSP,697
BWI,DFW,697
RNO,PHX,695
HOU,CRP,695
BWI,BDL,695
BNA,BWI,693
MFE,IAH,693
TPA,LGA,692
LGA,TPA,692
PIT,MCO,691
SBA,SFO,691
IAH,MFE,690
ATL,CHA,689
JAN,DFW,689
IAH,MSP,689
MSP,FAR,688
RIC,CLT,688
PIT,DFW,687
JFK,DCA,686
MDW,DEN,685
CRP,HOU,684
EWR,CVG,684
BOS,MSP,681
LAS,MDW,680
CLE,IAH,679
EWR,RDU,679
MSP,MCI,679
ATL,JFK,678
DFW,JAN,678
AGS,ATL,677
BDL,BWI,677
ORD,TUL,676
ATL,AUS,676
TPA,JFK,676
ONT,SFO,676
ATL,BUF,674
FAR,MSP,672
BOS,MIA,672
STL,BWI,671
DTW,LAS,671
PHL,PHX,671
BUF,ATL,671
RDU,BOS,671
SFO,SBA,671
ATL,BTR,671
SLC,SAN,670
PHX,EWR,670
DFW,AMA,669
DTW,IAD,668
DTW,LAX,668
IAH,CLE,666
DCA,RDU,666
ATL,DAB,666
ICT,ORD,665
DFW,CLE,664
DTW,MEM,663
ALB,ORD,663
LIT,DAL,663
EWR,LAS,662
IAD,CLT,661
ORD,MDT,661
DFW,PIT,660
ORF,CLT,659
CLE,STL,659
FLL,BOS,658
PDX,DFW,658
JFK,TPA,657
LAX,OGG,656
ORD,PVD,656
OKC,ORD,656
CLT,ORF,656
TUL,ORD,655
DAL,OKC,653
CVG,LGA,653
DEN,OKC,653
ATL,LEX,652
BWI,STL,652
DFW,PDX,651
LGA,CMH,650
CMH,LGA,650
DEN,BWI,649
LBB,DFW,649
TUL,STL,649
EWR,BUF,649
BUF,EWR,647
DEN,MDW,647
TPA,IAH,646
DFW,LBB,646
MEM,DTW,646
MCO,LAX,645
JFK,ATL,645
BWI,DEN,643
ORD,MSY,643
DEN,OAK,643
FLL,ORD,643
STL,LAX,642
DEN,BOI,642
CHS,CLT,642
MDT,ORD,642
PHX,SAT,642
ORD,RIC,642
CLE,DFW,640
ORD,SAT,640
SFO,PHL,640
ABQ,LAS,639
PHL,PVD,639
SAN,SLC,639
MDW,LAS,638
PVD,ORD,637
LAX,STL,636
LIT,STL,636
SLC,IAH,635
DFW,CRP,635
ATL,LIT,635
OGG,LAX,634
BOS,FLL,633
CHA,ATL,632
OAK,DEN,632
LIT,ATL,631
EUG,SFO,628
IAD,DTW,627
LAX,MCO,626
ICT,DFW,626
IAH,OKC,626
DAL,MSY,625
ORD,OKC,625
PHX,HOU,624
RDU,DCA,624
BOI,DEN,623
BDL,MCO,623
DTW,CVG,622
MYR,CLT,621
IAH,SEA,621
MSY,DAL,621
IAH,SAN,620
STL,CLE,619
CRP,DFW,619
IAH,SLC,619
TUS,DEN,618
SMF,DFW,617
JFK,RDU,617
CLT,IAD,616
SJU,EWR,615
DTW,TPA,615
IAH,TPA,614
DFW,ICT,614
TPA,DTW,612
MCI,IAH,611
CRP,IAH,611
ATL,SEA,610
RDU,BWI,610
DFW,SMF,610
IAH,TUL,609
OKC,IAH,609
MSP,CLE,609
SMF,PDX,608
LAX,DTW,608
CLT,BNA,607
TUL,DEN,605
IAH,CRP,604
DAL,ELP,603
PHX,PHL,603
ELP,DAL,601
STL,TUL,601
SFO,RNO,601
DFW,IND,599
LAX,RNO,598
CLT,CHS,597
IAH,PIT,597
DFW,XNA,596
ONT,DEN,596
AUS,DEN,596
BWI,RDU,596
DEN,AUS,595
PHL,SFO,594
DTW,MBS,594
BNA,CLT,593
CLT,MYR,593
HOU,BNA,593
STL,LIT,593
MSY,ORD,592
SAT,PHX,592
PDX,SMF,592
SLC,SJC,592
BTR,ATL,591
CLT,STL,590
PIT,IAH,589
MCO,BDL,589
BWI,PIT,589
FSD,MSP,589
SFO,EUG,588
PIT,BWI,588
ORD,ICT,588
EWR,CMH,587
MSN,DTW,587
MSP,OMA,587
IND,DEN,586
MDW,MCO,586
RIC,ORD,586
ABQ,IAH,585
ATL,SJU,584
IND,DFW,584
SEA,IAH,584
CLT,GSO,583
DEN,IND,582
CLE,BOS,581
SAN,ATL,581
RNO,SLC,581
ATL,SAN,581
LAS,EWR,580
TUL,IAH,578
DEN,TUS,578
RNO,LAX,577
DTW,MIA,577
SAT,ORD,577
PHX,JFK,575
PVD,PHL,575
RNO,SFO,574
BOS,CLE,574
SJU,ATL,572
PHL,LAS,571
BUF,JFK,571
CMH,EWR,570
JFK,PHX,570
LAS,PHL,569
CLT,ILM,569
SAN,IAH,569
MFR,SFO,568
IAH,MCI,568
CLE,MSP,568
ATL,GNV,567
ATL,MLB,567
SLC,SMF,566
CLT,DEN,566
MBS,DTW,566
MRY,LAX,566
EWR,SJU,565
BNA,LGA,564
LAS,MCI,564
RDU,JFK,564
ORD,FLL,564
OMA,MSP,563
JFK,BUF,563
MSP,IND,562
MCO,MDW,561
PBI,CLT,561
ATL,CAK,560
CLT,MSP,560
LAS,STL,559
CVG,DTW,558
CLE,DTW,557
JFK,SEA,557
MSP,FSD,556
SJC,SLC,556
CVG,PHL,556
STL,CLT,555
SLC,RNO,555
ILM,CLT,555
STL,OKC,554
GSO,CLT,552
TPA,DCA,552
OMA,STL,550
DEN,TUL,550
MIA,DTW,549
XNA,DFW,549
LGA,BNA,549
MSP,MCO,549
SDF,MDW,548
BNA,HOU,548
STL,SLC,546
MCO,MSY,546
CMH,STL,545
DTW,CLE,545
BOS,IAH,544
MSP,CLT,544
DCA,TPA,544
OKC,STL,543
MCI,LAS,543
ATL,VPS,543
SAT,DEN,542
CLT,LAX,542
CVG,MSP,542
MDW,PHX,541
DCA,CLE,541
LAX,MRY,541
CLT,PBI,540
STL,OMA,540
OMA,PHX,540
TYS,ORD,540
BNA,MCO,540
CLE,DEN,539
GNV,ATL,539
MSY,CLT,539
IDA,SLC,538
LAX,ELP,538
TPA,BOS,537
IAD,LGA,537
BUF,BWI,536
IAH,FLL,536
SDF,STL,535
CLE,CLT,535
OMA,MDW,535
SFO,MFR,534
BOS,TPA,533
LGA,IAD,533
VPS,ATL,532
ORD,TYS,532
ISP,BWI,532
DEN,CLT,531
IND,MSP,531
ORD,GRB,531
DTW,MCI,531
STL,SDF,531
DEN,CLE,530
SEA,JFK,530
HOU,PHX,528
BDL,DTW,527
MSP,CVG,527
MCO,BNA,527
MLB,ATL,527
LGA,CVG,525
DEN,ONT,525
CLE,DCA,525
SMF,SLC,524
SLC,SNA,524
RSW,EWR,523
GEG,SLC,523
JAX,DFW,521
STL,LAS,521
CLT,MSY,520
SLC,STL,519
DEN,SAT,519
PVD,MCO,519
FWA,ORD,519
IAH,BOS,518
MEM,CLT,517
IAH,ABQ,516
DTW,FLL,516
MDW,OMA,515
SNA,SLC,515
IND,STL,514
PHL,CVG,514
GRB,ORD,514
BOI,SFO,514
CLT,PHX,513
PHX,BWI,513
CVG,DCA,513
MCO,MSP,513
CLE,PHL,512
BDL,CLT,512
SAV,CLT,512
AVL,ATL,511
FLL,JAX,511
ELP,IAH,510
ALB,BWI,510
SNA,IAH,509
DSM,DEN,508
CLT,CLE,507
DTW,BDL,507
MSY,MCO,507
STL,IND,506
SAT,LAS,506
PSP,SFO,506
BNA,IAH,506
CLT,RSW,506
MSN,MSP,504
SDF,DFW,504
IAH,LFT,504
RNO,OAK,503
LAN,DTW,503
GSO,EWR,502
LAX,CLT,502
BOS,CVG,501
MSP,BIS,501
CLT,MEM,501
BWI,ISP,500
PIT,TPA,500
ORD,FWA,499
IAH,BWI,499
AUS,LAX,498
LAX,AUS,498
CLT,SAV,498
STL,CMH,498
SLC,CVG,497
SFO,MRY,497
ORD,SDF,497
BHM,DFW,496
SLC,GEG,496
CMH,DTW,496
IAH,BNA,496
MDW,SDF,495
BNA,DEN,495
RSW,CLT,494
OKC,ATL,494
PHX,OMA,494
PBI,PHL,494
DFW,SGF,493
PHX,MDW,493
MSP,MSN,493
DEN,GEG,492
BWI,BUF,492
DFW,SDF,491
PHL,CLE,491
PHL,MHT,491
DTW,CMH,491
TPA,BNA,491
MAF,DFW,491
XNA,ORD,491
CAK,ATL,490
BWI,ORF,490
DTW,SFO,490
BWI,PHX,490
SLC,ABQ,489
PHX,CLT,489
IAH,ELP,488
DTW,MSN,488
ORD,JFK,488
BWI,IAH,487
CVG,BOS,487
FLL,DTW,486
IAH,STL,486
MEM,IAH,485
CMH,DFW,484
DFW,JAX,484
LFT,IAH,484
ATL,OKC,484
CLT,SFO,484
DEN,RNO,483
BOS,STL,483
DTW,SEA,483
PHL,STL,483
MRY,SFO,482
LAX,PSP,482
BNA,LAX,482
SFO,DTW,482
MCO,PVD,481
PBI,JFK,481
FLL,IAH,481
TUL,HOU,480
PHL,SJU,480
ELP,LAX,480
BUF,DTW,480
SFO,BOI,478
IAH,MEM,478
BWI,ALB,478
SJU,PHL,478
LAS,SAT,478
SDF,ORD,477
DTW,BUF,477
BZN,SLC,477
CLT,BDL,476
EWR,RSW,476
ORD,XNA,476
DCA,FLL,476
JAX,FLL,476
JFK,ORD,475
SEA,RNO,475
DTW,LAN,475
BTR,IAH,475
ORD,RST,475
TUL,ATL,475
CVG,SLC,474
RNO,DEN,474
STL,TPA,473
ATL,PHF,473
PIT,STL,472
SEA,DTW,471
ATL,TUL,471
ATL,ROC,471
ABQ,SLC,471
SFO,PSP,471
STL,PHL,470
CLT,IND,469
IAD,EWR,469
BIS,MSP,469
MCO,IND,469
SLC,BIL,469
EWR,BNA,469
ATL,SHV,469
DFW,CMH,469
DSM,DFW,468
STL,BOS,468
PDX,MSP,467
CVG,PIT,467
IND,MCO,466
OAK,DFW,466
STL,IAH,466
DEN,BNA,466
PIA,ORD,466
LAX,SBP,465
GEG,DEN,465
MSP,DLH,465
OMA,DFW,465
ROC,ATL,464
MCI,SLC,463
DFW,OMA,463
EWR,GSO,463
DFW,OAK,463
ABI,DFW,462
ORD,SMF,462
ATL,AVL,462
FLL,DCA,461
SLC,ONT,461
DTW,RDU,461
HOU,TUL,460
DCA,PIT,460
CVG,MCO,460
EWR,IND,460
IAH,SNA,460
IND,CLT,460
GRR,MSP,460
EWR,SEA,459
TUS,LAS,459
LAX,BNA,459
DEN,ICT,458
DLH,MSP,458
OAK,RNO,458
SLC,MSO,458
SGF,DFW,458
SLC,IDA,457
MSP,PDX,457
SMF,SFO,457
DEN,MSY,457
PHL,PBI,457
DFW,HSV,456
IAH,BTR,455
MSP,PIT,455
SFO,SMF,454
CLT,JFK,454
MEM,LIT,454
STL,SFO,454
STL,PIT,454
TPA,STL,453
RNO,SJC,452
MSP,GFK,452
OMA,ATL,452
MHT,PHL,451
MSP,GRR,451
PSP,LAX,451
BIL,DEN,451
ONT,SLC,450
JFK,SLC,450
SFO,CLT,449
RST,ORD,449
MSY,BHM,449
DCA,CVG,448
IND,EWR,447
ORF,BWI,446
ORD,PIA,446
PHL,BDL,446
SLC,BZN,446
SBP,LAX,445
SEA,KTN,445
CLE,MCO,444
LAS,TUS,442
BDL,PHL,442
MSP,SAN,442
OKC,HOU,442
SJC,RNO,441
MSY,TPA,441
TRI,ATL,441
BNA,TPA,441
ICT,DEN,441
BIL,SLC,441
LGA,MDW,441
BNA,EWR,439
EWR,IAD,437
SLC,MCI,436
RNO,SEA,435
BHM,MSY,435
LGA,BUF,435
BWI,MSP,435
MSY,DEN,434
JFK,CLT,434
OAK,LGB,434
RSW,DTW,433
PIT,DCA,433
LAX,MDW,433
ELP,SAT,432
CLT,MCI,432
MCO,CVG,432
IAD,IAH,431
MCI,DAL,430
PHF,ATL,430
LIT,MEM,429
SAN,MSP,429
BOS,PBI,428
SAT,ELP,428
SMF,ORD,428
HSV,DFW,428
AUS,ELP,427
RDU,DTW,427
JFK,IAD,427
DFW,ABI,427
DFW,RNO,426
PIT,CVG,426
SLC,JFK,425
KTN,SEA,425
ORD,ORF,425
SHV,ATL,425
MCI,OKC,425
JFK,PBI,425
LAX,BWI,425
PHX,PIT,424
ATL,OMA,424
ELP,AUS,421
CVG,STL,421
OKC,MCI,421
GFK,MSP,421
PIT,MSP,420
CMH,DCA,419
EWR,JAX,419
DCA,BDL,419
MCI,DTW,419
TPA,MSY,419
MSP,GRB,417
PBI,BOS,417
ORD,MBS,417
DFW,DSM,416
HOU,MDW,416
BNA,CLE,416
ELP,HOU,416
IAH,MAF,416
ATL,HPN,415
EWR,RIC,415
DFW,MAF,415
DEN,MKE,414
ORF,ORD,414
PVD,ATL,413
MDW,PHL,413
BUR,DEN,413
SEA,EWR,413
ATL,FAY,412
ORD,SJU,412
LAX,MSY,411
SDF,BWI,411
ATL,TRI,411
HNL,SEA,411
IAH,IND,410
ORD,FSD,410
MCI,LAX,409
MCO,CLE,409
DEN,BIL,408
MSP,BWI,407
ASE,DEN,407
MSO,SLC,407
BHM,IAH,407
TPA,PIT,407
CLE,BNA,407
DEN,ASE,406
BWI,LAS,406
DFW,MFE,405
MBS,ORD,405
DAL,MCI,405
PHX,IND,404
HOU,OKC,404
JFK,PIT,404
ORF,EWR,404
LAX,CVG,404
DTW,PVD,404
PIT,PHX,403
EWR,MSY,403
IAH,IAD,403
GRB,DTW,402
IAH,BHM,402
CVG,LAX,402
PVD,DCA,402
LAS,BWI,402
RIC,EWR,401
DTW,SYR,401
PHX,LGB,401
SDF,CVG,400
SJU,FLL,400
MCO,RDU,400
ONT,SEA,400
IAD,TPA,400
DFW,PBI,400
DFW,BHM,399
DEN,CVG,399
RDU,BNA,399
EWR,MCI,399
MAF,IAH,399
IAH,PNS,399
MSY,MIA,399
MKE,STL,398
MIA,BWI,398
IAH,JAX,398
MDW,LGA,398
SLC,JAC,398
PHL,MDW,398
SFO,ACV,398
PIT,MDW,397
TPA,DEN,397
BWI,SDF,397
DEN,DSM,397
SYR,DTW,396
MYR,ATL,396
MCI,CLT,396
SFO,STL,395
MFE,DFW,395
SLC,PSC,395
DEN,BUR,395
SEA,HNL,395
TUS,IAH,395
MIA,MSY,395
RDU,MCO,395
FLL,SJU,395
DTW,RSW,395
ATL,ICT,395
MKE,DEN,394
MDW,PIT,394
ACV,SFO,394
FAY,CLT,394
CMH,CVG,394
LGB,OAK,393
PVD,CLT,393
ATL,PVD,392
PIT,DEN,392
JFK,SAN,392
ALB,ATL,392
BUF,LGA,392
LGA,GSO,391
BDL,DCA,391
SAN,PDX,391
MSP,BNA,390
STL,CVG,390
FSD,DEN,389
SEA,STL,389
DEN,PIT,388
DFW,TYS,388
DEN,FSD,387
SFO,MIA,387
EWR,ORF,387
STL,MIA,387
STL,MKE,387
CLT,PVD,387
JAX,EWR,387
STL,ABQ,387
BWI,JAX,387
IAD,JFK,386
SJU,ORD,386
LAX,MCI,386
LAS,CLE,386
ORD,TUS,386
GSO,LGA,385
SAN,JFK,385
CAE,CLT,385
PVD,DTW,384
GRB,MSP,384
CMH,PHX,384
BNA,DCA,384
ICT,ATL,383
LIT,ORD,383
HOU,ELP,383
RST,MSP,383
MIA,DEN,383
ROC,EWR,382
SEA,BOI,382
COS,ORD,381
DTW,GRB,381
MDW,LAX,381
BNA,STL,381
LAS,HOU,380
TPA,IAD,380
IND,IAH,379
BNA,RDU,379
HPN,ATL,378
RAP,MSP,378
JAX,IAH,378
CVG,SDF,378
BUF,BOS,378
SJU,BOS,378
BNA,MEM,377
DCA,CMH,377
BWI,MIA,377
MIA,SFO,377
SEA,JNU,377
RSW,BOS,377
BDL,IAD,376
PNS,IAH,376
BWI,LAX,376
EWR,ROC,375
MDW,IND,375
FSD,ORD,375
SEA,ONT,375
CVG,CLE,375
GSP,CLT,374
MCO,CMH,374
PHX,CMH,374
DAL,STL,374
MSY,LAX,374
STL,SEA,373
BOS,RSW,373
FAY,ATL,372
CLT,BHM,372
OGG,SFO,372
DCA,BNA,372
MCI,BNA,372
MEM,BNA,371
SYR,ATL,370
JAX,BWI,370
SUN,SLC,370
ORD,TVC,370
CMH,CLT,370
GPT,ATL,370
CVG,DEN,370
PHL,ORF,369
RNO,DFW,369
PBI,DFW,369
DFW,GRK,368
IND,MDW,367
MIA,RDU,367
SEA,IAD,367
STL,BNA,366
BWI,CVG,366
MSP,RST,366
STL,DAL,366
JFK,DTW,366
CMH,MCO,365
PHL,BNA,365
CLT,CMH,365
GRK,DFW,365
DCA,PVD,365
TVC,ORD,365
ATL,GPT,365
BHM,BNA,365
PIT,JFK,364
IAD,BDL,364
PDX,SAN,364
RDU,MIA,364
BOS,BUF,364
DTW,JFK,364
ABQ,ELP,364
PHX,FLG,364
DTW,ALB,363
ORD,RSW,363
MEM,EWR,362
ANC,JNU,362
PHL,JAX,362
OKC,PHX,362
MSY,EWR,361
PHX,YUM,361
CLT,GSP,361
FAT,SFO,361
MDW,HOU,361
CLT,CAE,361
CLE,LAS,361
MDW,TPA,360
MIA,STL,360
PDX,ATL,360
JFK,ROC,360
JNU,SEA,360
BDL,DFW,360
DEN,TPA,359
DEN,MIA,359
BOS,SJU,359
BUF,CLT,358
TPA,CVG,357
ATL,ILM,357
ELP,ABQ,357
JNU,ANC,357
LNK,ORD,357
AVL,CLT,356
PHX,BOS,355
ORF,PHL,355
ORD,CMI,355
CMH,PHL,355
ORD,LNK,355
MCO,ISP,355
FNT,ATL,355
BNA,MCI,355
RIC,LGA,355
PSC,SLC,354
MCI,EWR,354
SEA,BUR,354
IND,PHX,353
TUS,ORD,353
JAC,SLC,353
MSP,DSM,353
IAD,SEA,352
HOU,LAS,352
LGB,PHX,352
BHM,CLT,352
PNS,DFW,352
STL,DSM,352
ROC,JFK,352
MKE,PHX,352
SLC,SUN,351
IAH,TUS,351
DTW,SBN,351
EWR,MEM,351
DTW,ORF,351
IAH,CVG,351
ATL,MYR,351
EWR,MDW,351
LAS,CMH,350
ATL,ALB,350
BOS,PHX,350
ISP,MCO,350
PDX,GEG,350
PIT,FLL,350
ABQ,STL,349
MCO,MEM,348
ORD,LIT,348
CMI,ORD,348
MIA,IAD,348
GEG,PDX,348
DFW,TYR,347
PBI,BWI,347
IAH,BRO,347
SGU,SLC,347
MSP,RAP,347
MSP,TPA,346
CLE,LAX,346
CMH,MSP,346
ORD,GSO,346
LGB,SLC,345
ORD,ABE,345
ILM,ATL,345
IAD,MIA,345
MOT,MSP,344
YUM,PHX,344
BNA,BHM,344
ATL,FNT,344
BUF,PHL,344
PHX,OKC,343
BWI,CMH,343
PIT,LAX,343
MHT,ORD,343
MLI,ORD,343
RDU,CVG,342
MDT,DTW,341
MSY,STL,341
DEN,GJT,341
PSP,PHX,341
BNA,MSP,341
BGR,BOS,340
TYS,DFW,340
ALB,DTW,340
FLG,PHX,340
OMA,IAH,340
LAS,ELP,340
DSM,MSP,340
ABE,ORD,340
ORD,MLI,339
CVG,TPA,339
LEX,ORD,339
RSW,PHL,339
SLC,FCA,339
SBN,DTW,339
DSM,STL,338
SAT,LAX,337
ATL,CSG,337
PIT,IAD,337
GJT,DEN,337
GSO,ORD,336
MDW,EWR,336
MEM,LGA,336
BNA,PHL,336
LGA,RIC,336
HLN,SLC,335
SLC,LGB,335
LAX,CLE,335
CMH,BWI,335
SNA,PDX,334
DFW,ACT,334
TPA,MSP,334
CVG,CMH,334
RSW,ORD,334
MCI,CVG,333
PHX,PSP,333
LAX,SAT,333
MCO,MCI,333
CLT,AVL,333
LAS,OMA,333
DFW,DAY,333
ORD,COS,333
STL,MSY,333
FCA,SLC,332
BUR,SEA,332
TPA,MDW,331
PDX,RNO,331
CLT,BUF,331
PHL,ALB,331
CLT,CVG,331
IAH,COS,331
ORD,EVV,330
COS,IAH,330
GTF,SLC,330
PHL,BUF,329
PHL,RSW,329
SLC,SGU,329
CVG,IAH,329
MKE,CLE,329
CVG,LEX,329
MEM,MCO,328
DFW,BDL,328
IAH,OMA,328
BWI,EWR,327
DFW,PNS,326
ORF,DTW,326
IAH,MOB,326
BNA,PHX,326
DFW,LAW,325
PHL,CMH,325
ROC,DTW,325
MIA,MSP,325
PHL,IND,324
LGA,IND,324
LAS,CLT,324
IND,LGA,324
DFW,RIC,324
ATL,XNA,324
CLT,LAS,324
BOI,SEA,324
RDU,IAH,324
CLT,FAY,323
CLE,CVG,323
AZO,ORD,323
XNA,ATL,323
SGF,ORD,323
FSM,DFW,322
STL,SAN,322
BRO,IAH,322
JFK,RSW,322
TUS,SLC,322
SLC,HLN,322
PIT,SFO,322
ORD,SGF,322
SFO,OGG,322
CSG,ATL,322
IAH,RDU,322
TVC,DTW,321
MSY,BNA,321
DFW,GSO,321
MSP,MIA,321
MOB,IAH,321
OMA,LAS,319
CMH,BOS,319
LIT,IAH,319
MEM,DCA,318
DTW,SDF,317
CVG,BWI,317
MSP,CMH,316
BWI,PBI,315
SNA,MSP,315
PHX,TUL,314
PHL,ROC,314
TYR,DFW,314
MCI,TUL,314
JAX,BNA,314
TUL,PHX,313
PNS,CLT,312
MSP,MOT,312
GSO,DFW,312
CVG,MIA,312
BOS,BGR,312
ACT,DFW,312
DAY,DFW,311
IAH,JAN,311
IAD,PIT,311
CLE,MKE,311
LAX,MEM,311
ATL,MDT,310
BDL,MSP,309
SAT,STL,309
SEA,BOS,309
RIC,DFW,309
ICT,STL,309
MSP,BDL,309
CVG,BDL,308
EWR,BWI,308
DFW,FSM,308
LGB,SFO,308
JAX,PHL,308
ORF,LGA,308
STL,SAT,307
DFW,RSW,307
DCA,MEM,307
MDW,FLL,307
PHX,MKE,307
HOU,DEN,307
IAH,HRL,306
IND,PHL,306
MSP,SNA,306
ELP,LAS,305
HRL,IAH,305
LAS,BOS,305
CLT,SDF,305
CVG,CLT,305
DTW,ROC,305
IAH,CMH,305
LAX,PIT,304
PIT,BDL,304
LGB,LAS,304
CID,STL,304
MCI,MCO,304
PHL,RIC,303
DEN,HOU,303
BDL,PIT,302
ORD,AZO,302
BTV,ORD,301
IND,LAS,301
BDL,CVG,301
JAX,ORD,301
PHX,BNA,301
JFK,DFW,301
PIT,MDT,301
MEM,LAX,301
PVD,EWR,301
MDT,ATL,301
DFW,CLL,300
SLC,COS,300
BNA,MSY,300
DTW,MSY,300
BOS,CMH,299
DTW,AZO,299
MDT,CLT,299
RIC,PHL,298
PIT,CMH,298
CVG,RDU,298
SAN,IAD,298
CMH,IAH,298
ROC,PHL,298
PDX,SNA,298
LAS,IND,297
TPA,RDU,297
ATL,SYR,297
BTV,JFK,297
EWR,PVD,297
SFO,FAT,297
ORD,BTV,297
DEN,PSP,296
LGA,ORF,296
BWI,IND,296
CLT,PNS,296
LAW,DFW,295
SLC,GTF,295
RDU,PIT,295
IND,BWI,295
SYR,JFK,295
RNO,PDX,295
AZO,DTW,295
COS,SLC,294
MEM,MSY,294
LNK,DEN,294
DEN,MEM,294
CMH,LAS,294
RAP,DEN,294
RSW,DFW,294
DFW,MKE,294
DTW,TVC,293
BET,ANC,293
RDU,IAD,293
HNL,DFW,292
BNA,JAX,292
LAX,HOU,292
MEM,TPA,292
STL,RDU,292
BUF,MCO,292
TUL,MCI,291
SDF,CLT,291
ORD,MHT,291
ABE,ATL,291
MLU,ATL,291
IAD,RDU,291
SBP,SFO,290
BOS,LAS,290
EVV,ORD,290
MCO,BUF,290
FLL,PIT,290
ORD,ABQ,290
CMH,TPA,290
OAK,ORD,290
LGA,MEM,290
SYR,PHL,290
ONT,ORD,289
DFW,CID,289
SLC,FAT,289
LAS,AUS,288
BOS,SEA,288
FLL,MDW,288
IND,PIT,288
LRD,DFW,288
ATL,PDX,288
CLD,LAX,288
BIL,MSP,288
CLE,JFK,288
MSP,BIL,288
DEN,RAP,287
MSY,MEM,287
RDU,TPA,287
LAX,FLL,287
FAR,ORD,287
SAN,EWR,287
MEM,VPS,287
ANC,BET,287
PHL,SYR,287
GEG,MSP,286
SJU,DFW,286
ALB,PHL,286
TPA,CMH,286
EWR,SAN,285
SDF,DTW,285
LGA,ROC,285
MEM,MCI,285
ATL,SNA,285
ROA,ATL,285
MCI,MEM,285
IAD,SAN,285
DEN,LNK,284
AUS,LAS,284
ORD,ONT,284
CLE,PHX,283
STL,ICT,283
RIC,BOS,283
RDU,STL,283
LAX,CLD,283
ORD,LEX,283
PIT,RDU,283
ATL,MLI,282
BNA,LAS,282
SAN,ABQ,282
STL,MEM,282
CVG,MCI,282
MSP,IAD,282
IAH,LIT,281
DTW,MDT,281
FLL,CVG,281
DTW,ABE,281
DCA,IND,281
ATL,MLU,281
EWR,SYR,281
RSW,JFK,281
ATL,CRW,280
ROC,LGA,280
PIT,IND,280
VPS,MEM,280
SNA,ATL,279
BMI,ATL,279
IAD,CLE,279
DFW,BUR,279
ORF,DFW,279
ORD,FAR,278
CLE,IAD,278
MEM,MKE,278
IND,TPA,277
PSP,DFW,277
PIT,LAS,277
EWR,PWM,277
MIA,CVG,277
LIH,LAX,277
IAH,ICT,277
PWM,EWR,277
DFW,HNL,277
SPS,DFW,277
CMH,PIT,276
CVG,SFO,276
DEN,BZN,276
MDT,PIT,275
PHX,MCO,275
LAS,LGB,275
JFK,SYR,275
BZN,DEN,275
SAN,DTW,275
CVG,MKE,275
CLE,TPA,275
ORD,JAX,275
JFK,BTV,274
SFO,CVG,274
SAN,TUS,274
SLC,BOS,274
PHX,CLE,274
MCO,PHX,273
FAI,SEA,273
SFO,SBP,273
BOI,GEG,273
MKE,MEM,273
CLL,DFW,273
SFO,LGB,273
BOS,RIC,273
CRW,ATL,273
SLC,OKC,273
ATL,BMI,272
BUR,PDX,272
ATL,ROA,272
PVD,PIT,271
MKE,CVG,271
ABQ,SAN,271
PIH,SLC,271
ORD,ELP,270
LAX,KOA,270
MSY,JFK,270
BDL,TPA,270
BWI,RSW,270
KOA,LAX,269
LSE,MSP,269
BWI,MCI,269
BNA,CVG,269
BIS,DEN,268
BUR,DFW,268
IND,CLE,268
DFW,ORF,268
TWF,SLC,268
CHS,ORD,268
SLC,TUS,268
SFO,PIT,267
ATL,DHN,267
JAN,IAH,267
MEM,SAT,267
CVG,RIC,267
CLE,PIT,267
MEM,OKC,266
PSP,DEN,266
MKE,DFW,266
GRR,CVG,266
SFO,RDD,265
ORD,BHM,265
DFW,SPS,265
BDL,FLL,265
CID,DFW,265
RDD,SFO,265
TPA,MEM,265
PHX,CVG,265
DFW,VPS,264
LGA,MKE,264
BDL,CLE,264
FAT,DEN,264
PIT,MIA,264
MSP,SMF,264
LEX,CVG,264
GPT,IAH,264
MSY,DTW,263
DAY,EWR,263
MLI,ATL,263
DEN,DRO,263
BOS,MDW,263
ROA,CLT,263
ATL,ABE,262
MSY,LGA,262
DCA,PBI,262
SYR,PIT,262
MKE,LGA,262
RIC,DTW,261
CVG,FLL,261
MIA,PIT,261
BUF,PIT,261
DRO,DEN,260
FLL,LAX,260
PBI,IAH,260
LAS,BNA,260
DFW,SJT,259
SFO,GEG,259
IAD,MSP,259
ABQ,HOU,259
IAH,SDF,259
BOS,SLC,259
DEN,BIS,259
RSW,BWI,259
PHL,PWM,259
SLC,PIH,259
FWA,DTW,259
LAS,PIT,259
MSP,LSE,259
CLT,ROA,259
EWR,DAY,258
ABQ,ORD,258
SAN,MDW,258
HOU,LAX,258
AUS,SJC,258
DFW,JFK,258
DTW,FWA,258
MCO,SLC,258
MDW,OAK,258
ICT,IAH,257
MSP,GEG,257
JFK,MSY,257
DAY,CLT,257
ELP,ORD,257
MSY,PHL,257
STL,MLI,257
DAY,STL,257
CAK,ORD,257
TPA,IND,256
MDW,PVD,256
SLC,TWF,256
FAT,SLC,256
ATL,PFN,256
HOU,MCO,256
ROC,BWI,256
LAS,FAT,255
CVG,MSY,255
CLT,MDT,255
MCI,BWI,255
STL,SGF,255
PIT,CLE,255
SAN,STL,255
DEN,ELP,255
MEM,CVG,254
RSW,MCO,254
IAH,PDX,254
DFW,LRD,254
MEM,IND,254
ABQ,ATL,254
PBI,ORD,254
TPA,CLE,253
TRI,CLT,253
SJT,DFW,253
SEA,PHL,253
IAD,LAS,253
STL,DAY,253
ELP,DEN,253
ORD,SBN,252
RDU,MDW,252
ALB,PIT,252
OKC,SLC,252
VPS,DFW,252
LGA,BWI,252
PWM,ORD,252
DFW,SJU,252
SEA,FAI,252
DFW,MDW,252
CPR,DEN,251
PIT,BUF,251
ORD,OAK,251
HOU,MAF,251
MLI,STL,251
ORD,PWM,251
DFW,LFT,251
AUS,SFO,251
CLT,DAY,251
IND,DCA,251
SLC,SAT,251
LAX,LIH,251
FWA,ATL,251
HPN,DTW,251
PDX,BUR,251
MEM,BHM,250
MSY,CVG,250
CLE,BDL,250
DFW,MOB,250
MDW,BOS,249
PVD,MDW,249
FAT,LAS,249
SLC,DTW,249
MAF,HOU,249
ABE,DTW,249
JAC,DEN,249
IAH,GPT,248
SLC,MCO,248
LAS,MIA,248
IAH,LBB,248
MCO,HOU,248
CVG,SEA,248
MEM,DEN,248
STL,CID,248
MEM,STL,247
TUS,SAN,247
LAS,IAD,247
TPA,BDL,247
FAR,DEN,246
SFO,AUS,246
SAT,MEM,246
IND,MEM,246
JFK,STL,246
PFN,ATL,246
PHL,MSY,245
ATL,ECP,245
BNA,PIT,245
MDW,SAN,245
CLE,IND,244
SBN,ORD,244
EWR,BTV,244
FAT,PHX,244
IAH,PBI,244
CVG,PHX,244
ATW,ORD,244
JFK,CLE,244
CVG,JFK,243
JFK,LGB,243
DFW,PSP,243
CVG,GRR,243
HOU,BWI,243
CHS,EWR,243
BTR,MEM,242
DTW,SAN,242
ROC,PIT,242
PDX,ONT,242
DFW,LGB,242
MCO,RSW,242
OAK,MDW,242
SHV,IAH,241
DAL,ATL,241
SIT,JNU,240
BWI,BHM,240
MOB,DFW,240
JFK,DEN,240
PIT,PVD,240
FLL,BDL,240
BWI,LGA,240
PHL,SEA,240
DTW,RIC,240
BHM,ORD,240
LGB,DFW,240
PHL,MEM,239
EWR,CHS,239
CVG,BNA,238
SJC,IAH,238
DTW,HPN,238
ATL,DAL,238
MSP,CID,238
MSP,ANC,238
MSY,DCA,238
GRR,ATL,238
LAS,CVG,237
JAN,HOU,237
BHM,MEM,237
SJC,MSP,237
ABE,PIT,237
MEM,BTR,237
ATL,ABQ,237
DTW,PBI,237
DFW,TXK,237
CLT,TRI,237
BHM,BWI,237
STL,IAD,237
JFK,CVG,237
SYR,EWR,237
CMH,DEN,236
MKE,PIT,236
TPA,PBI,236
PIT,ALB,236
CID,DEN,236
DHN,ATL,236
CID,MSP,236
MIA,BNA,235
LGB,JFK,235
LGA,MSY,235
ORD,HSV,235
DEN,JFK,235
CVG,RSW,235
PIT,BNA,235
BWI,MSY,235
SBA,DEN,235
DEN,CID,235
CLT,SRQ,234
MIA,MEM,234
PIT,MCI,234
IAH,SHV,234
DEN,CMH,234
PIT,SYR,234
AUS,JFK,234
IND,CVG,233
SLC,OMA,232
ONT,IAH,232
BWI,HOU,232
STL,JFK,232
PHL,BTV,232
MKE,EWR,232
ECP,ATL,232
JNU,SIT,232
IAD,MDW,231
GSP,ORD,231
COS,PHX,231
SLC,EKO,231
ONT,PDX,231
PWM,JFK,231
JFK,MSP,231
ORF,PIT,231
FLL,STL,231
PIT,ERI,230
DEN,FAT,230
BWI,ROC,230
ATL,GRR,230
PBI,TPA,230
IAD,ORF,229
ORD,ATW,229
LAS,MCO,229
SRQ,CLT,229
DCA,BUF,229
SGF,STL,229
DTW,FNT,229
TPA,PHX,229
MDW,DFW,229
MEM,PHL,229
LBB,IAH,228
PDX,IAH,228
DCA,MCI,228
OKC,MEM,228
ORD,CAK,228
BDL,STL,228
MSP,BZN,228
IAH,MKE,228
EWR,MKE,228
PBI,DCA,227
MIA,CLE,227
FLL,ISP,227
SMF,MSP,227
HOU,ABQ,227
SJC,AUS,227
EUG,DEN,227
MDW,RDU,227
AUS,MEM,227
BNA,FLL,226
MIA,TLH,226
CVG,MEM,226
BOI,PDX,226
HNL,ORD,226
EWR,SNA,226
MIA,JAX,226
BDL,RDU,225
MHT,MCO,225
LGA,JAX,225
SNA,EWR,225
FLL,CLE,225
JFK,AUS,225
TLH,MIA,225
TXK,DFW,224
STL,FLL,224
MCO,TPA,224
EKO,SLC,224
CLT,TYS,224
IND,LAX,224
FLL,IAD,224
SJU,TPA,223
ATL,EYW,223
HOU,JAN,223
ATL,AEX,222
DCA,SYR,222
MSP,SJC,222
ERI,PIT,222
BTV,EWR,222
GSP,DTW,222
ORF,IAD,222
OME,ANC,222
RDU,MSP,222
ORD,CHS,222
IAD,STL,221
DEN,JAC,221
EWR,AUS,221
RIC,PIT,221
EVV,ATL,221
MEM,TYS,221
SMX,LAX,221
MCO,MHT,220
LAX,IND,220
IAD,FLL,220
PHX,TPA,220
CPR,SLC,220
ABQ,MCI,220
MIA,LAS,220
SYR,LGA,220
LAS,MKE,220
PDX,BOI,220
JAX,CVG,220
SLC,ANC,219
LFT,ATL,219
PBI,DTW,219
EYW,ATL,219
MCO,MKE,219
RSW,STL,219
ORD,PBI,219
SFO,CLE,219
FLL,BNA,219
PIT,GSO,219
ANC,MSP,219
ORD,BMI,218
PHX,COS,218
CLT,ALB,218
FNT,DTW,218
SJU,BWI,218
MCI,PHL,218
MKE,IAH,218
BMI,ORD,218
TPA,LAX,218
ANC,SLC,218
DTW,GSP,218
SDF,IAH,218
STL,BDL,218
XNA,IAH,218
ISP,FLL,218
EWR,BDL,218
MCI,PIT,218
MHT,MDW,217
MDW,IAD,217
PIT,MKE,217
PIT,ROC,217
JAX,JFK,217
BOS,BNA,217
ROC,IAD,217
PIT,SDF,217
SPI,ORD,216
KOA,SFO,216
BNA,MIA,216
JAX,LGA,216
DEN,SBA,216
BNA,BOS,216
PHL,GSO,216
DCA,MDW,216
PHX,DCA,216
DEN,FAR,216
GEG,SFO,216
MEM,MIA,216
JAX,MIA,216
STT,MIA,215
FLL,DEN,215
RSW,PIT,215
SLC,CPR,215
ALB,MCO,215
DTW,SLC,215
PIT,CRW,215
TYS,CLT,215
GEG,BOI,215
CLT,CHA,215
AMA,IAH,215
SJU,CLT,214
PIT,ORF,214
TPA,JAX,214
SWF,ORD,214
SEA,LGB,214
DEN,MTJ,214
TPA,MCO,214
SAT,SLC,214
DAY,PIT,213
MDW,RSW,213
ROC,SYR,213
JAX,DTW,213
MCI,ABQ,213
ATL,FWA,213
AEX,ATL,213
MKE,MCO,213
IAH,SJC,213
SLC,GJT,212
PIT,ABE,212
LAX,TPA,212
ORD,LSE,212
LBB,AUS,211
GSO,PHL,211
DEN,EUG,211
MCI,DCA,211
RDU,BDL,211
ANC,PDX,211
AUS,BNA,210
MIA,STT,210
MDW,DCA,210
LFT,DFW,210
CVG,IND,210
JFK,BWI,210
ATL,OAJ,210
CLE,FLL,210
ATL,SGF,210
GJT,SLC,209
ATL,EVV,209
IAH,AMA,209
SFO,RDM,209
AVP,PIT,209
LBB,ABQ,209
RSW,MDW,209
EUG,PDX,208
MSO,DEN,208
DEN,DCA,208
ORD,SWF,208
BQK,ATL,208
DEN,CPR,208
BUR,SLC,208
SYR,DCA,207
CWA,ORD,207
EWR,MHT,207
MDW,MHT,207
PIT,AVP,207
IAD,CAE,207
SEA,CVG,207
DAY,MSP,207
IAH,AEX,206
LAX,SMX,206
MSP,RDU,206
DCA,DEN,206
ORD,BOI,206
ATL,LFT,206
IAH,XNA,206
GSP,DFW,206
CHA,CLT,206
VLD,ATL,205
ATL,BQK,205
JAX,TPA,205
DEN,FLL,205
ANC,OTZ,205
ATL,ABY,205
CLE,MIA,205
DFW,FAT,204
PHX,SBA,204
CAE,ORD,204
PIT,RIC,204
CRW,PIT,204
SLC,BUR,204
GGG,DFW,203
SDF,PIT,203
MSY,BWI,203
AEX,IAH,203
CHS,IAD,202
DTW,MHT,202
MSP,JFK,202
SEA,MDW,202
IAD,MSY,202
DCA,MSY,202
BOI,PHX,202
SYR,CLT,201
LGB,SEA,201
PHX,BOI,201
MCO,ALB,201
RDM,SFO,201
ORD,LAN,201
PHX,FAT,201
TPA,SJU,201
RSW,CVG,201
HPN,MCO,200
ALB,DCA,200
BOI,ORD,200
SEA,CLT,200
MIA,EYW,200
LGA,SYR,200
AUS,EWR,200
MDW,BDL,200
OMA,SLC,200
DEN,MSO,199
IAH,ONT,199
RSW,MSP,199
PDX,CVG,198
CLT,SYR,198
MSP,DAY,198
RDU,FLL,198
TYS,MEM,198
GSO,CVG,198
DFW,GSP,198
JFK,PWM,198
FLL,RDU,198
DCA,PHX,198
PBI,MCO,197
HSV,ORD,197
DTW,JAX,197
BDL,MDW,197
CHO,ATL,197
SAN,ELP,197
IAD,CHS,197
MSY,IAD,197
ATL,CHO,197
JFK,JAX,197
LRD,IAH,196
MCO,AUS,196
CVG,JAX,196
LAS,TPA,196
DBQ,ORD,196
SAN,CVG,196
PWM,PHL,196
MHT,DTW,195
FAT,DFW,195
MCO,PBI,195
SAV,DFW,195
LAS,BOI,194
FLL,MSY,194
TPA,LAS,194
PDX,EUG,194
ORF,CVG,194
BUF,DCA,193
COS,LAX,193
ALB,CLT,193
SLC,EWR,193
ORD,SPI,193
CLE,SFO,193
PIT,RSW,193
MCO,LAS,193
BNA,SAN,192
IAD,JAX,192
MDW,SEA,192
SLC,TUL,192
OAJ,ATL,192
PIT,DAY,192
EYW,MIA,191
CVG,GSO,191
MTJ,DEN,191
MLU,DFW,191
SBA,PHX,191
TOL,ORD,191
SFO,KOA,191
IAH,LCH,191
PDX,RDM,191
ABQ,SFO,191
BDL,EWR,191
IAD,SLC,191
JAX,IAD,191
LGA,PWM,190
TOL,PIT,190
DFW,SAV,190
MKE,LAS,190
HNL,PHX,190
SYR,ROC,190
CVG,ORF,190
ORD,HNL,190
DTW,DAY,190
JAX,DCA,190
PHX,HNL,190
BWI,JFK,189
CLE,RDU,189
EWR,SDF,189
STL,RSW,189
IAH,HSV,189
CLE,MCI,188
TPA,PVD,188
ORD,GSP,188
SFO,MCO,188
TYS,IAH,188
DFW,AEX,188
RDM,PDX,188
ELP,SAN,188
CVG,LAS,188
RIC,CVG,188
ATL,PWM,188
BTV,PHL,188
ATL,VLD,188
ABY,ATL,187
BWI,SJU,187
ROC,CLT,187
MCO,HPN,187
AUS,STL,187
BZN,MSP,187
MSP,RSW,187
TPA,BHM,187
HOU,BHM,187
PVD,TPA,186
PSP,ORD,186
BHM,TPA,186
OAK,ABQ,186
PHX,IAD,186
ELP,MAF,186
LGA,MCI,186
ORD,PSP,186
AUS,LBB,186
EWR,SLC,185
BOI,LAS,185
IND,MCI,185
ABQ,MSP,185
PHL,SLC,185
PIT,GRR,185
PHL,DCA,184
ROC,DCA,184
ANC,ADQ,184
SDF,MSP,184
CVG,SAN,184
IAH,TYS,184
GRR,PIT,183
CLT,SJU,183
MCI,CLE,183
CAE,IAD,183
MEM,AUS,183
ABQ,OAK,183
BNA,CMH,183
ORD,TOL,183
IAH,RSW,183
LAX,COS,183
MSP,BOI,182
LCH,IAH,182
GSO,DTW,182
RNO,BOI,182
PIT,TOL,182
DSM,ATL,182
SJU,IAD,182
ORD,DBQ,182
BWI,PHL,182
HOU,TPA,182
SLC,IAD,182
HPN,PBI,182
BOS,PWM,181
IAH,SMF,181
SLC,RAP,181
ORD,CWA,181
ORF,BOS,181
PWM,BOS,181
PVD,IAD,180
STT,SJU,180
PDX,ANC,180
RSW,IAH,180
CLT,SEA,180
LSE,ORD,179
TYS,CVG,179
PSP,SLC,179
IAD,PHL,179
SGF,ATL,178
PHL,BWI,178
MCI,LGA,178
SAN,PHL,178
SMF,IAH,178
CLT,SAT,178
HRL,SAT,177
SFO,MOD,177
SLC,PSP,177
SEA,OGG,177
BFL,LAX,177
MSY,FLL,177
DCA,MKE,177
OGG,KOA,177
BHM,MCO,176
CMH,BNA,176
ROC,BOS,176
MHT,EWR,176
MCO,BHM,176
ADQ,ANC,175
SAN,PIT,175
RSW,CLE,175
PHL,SAN,175
CVG,SBN,175
HSV,IAH,175
DTW,GSO,175
BNA,AUS,175
DCA,DAY,174
IAD,ROC,174
GRR,DFW,174
GTR,ATL,174
BOI,MSP,174
SFO,ABQ,174
TPA,HOU,174
DCA,ALB,174
SJU,STT,173
SMF,ATL,173
PHX,MEM,173
GEG,PHX,173
JFK,OAK,173
PHL,MCI,173
CLE,RSW,173
SAN,CLT,173
SAV,ORD,173
BOI,RNO,172
MEM,ICT,172
CLT,DAB,172
PWM,ATL,172
HSV,CLT,172
SAN,AUS,172
SLC,PHL,172
GPT,MEM,172
ATL,SJC,172
EWR,GSP,172
DFW,CHS,172
CLT,SAN,172
ATL,SBN,172
ATL,DSM,171
PBI,CVG,171
IAH,LRD,171
ORD,SAV,171
HNL,LAS,171
MSN,DEN,171
PIT,SAN,171
DFW,GRR,171
PHL,IAD,170
MEM,HOU,170
BWI,SAN,170
MDW,BHM,170
SEA,PIT,170
ATL,SMF,170
PHX,GEG,170
ATL,ELP,170
GTF,MSP,170
PIT,SEA,170
RSW,LGA,170
DFW,GGG,170
ISP,MDW,170
MCO,SFO,169
ORF,STL,169
MOD,SFO,169
MKE,BWI,169
MCI,IND,169
JFK,STT,169
CLT,MKE,169
BHM,MDW,169
STL,SNA,169
PHL,DAY,168
SAT,AUS,168
IAD,SJU,168
IAD,PWM,168
DAL,LAX,168
MEM,PHX,168
BOS,ROC,168
STL,PDX,167
CLT,ROC,167
BNA,SAT,167
MDW,ISP,167
CVG,IAD,167
IAD,BUF,167
PSP,SEA,166
PBI,HPN,166
SJC,ATL,166
SAT,BWI,166
BHM,HOU,166
LAN,ORD,166
MSP,SDF,166
IAH,VPS,166
SAT,BNA,166
MDW,SFO,166
ICT,MEM,166
STL,ORF,165
SDF,EWR,165
LAS,FLL,165
PHX,GJT,165
SRQ,EWR,165
OTZ,ANC,165
MAF,AUS,165
TUL,SLC,165
DAY,DTW,165
BHM,SDF,165
MDW,BUF,164
OTZ,OME,164
IAD,MHT,164
LGA,RSW,163
AUS,MAF,163
DAY,DCA,163
DEN,MSN,163
DCA,PHL,163
ISP,PBI,163
MSY,LAS,163
ATL,GTR,162
RAP,SLC,162
BWI,MKE,162
SAN,BNA,162
DCA,RSW,162
ANC,ORD,162
DFW,MLU,162
LBB,ELP,162
ICT,PHX,162
BUF,IAD,162
SNA,STL,161
ANC,SCC,161
SBN,CVG,161
KOA,OGG,161
PBI,BDL,161
SGF,DEN,161
DEN,SGF,160
JFK,PDX,160
OAK,JFK,160
SLC,BWI,160
AUS,BWI,160
IAD,PHX,160
ORD,CAE,159
AEX,DFW,159
ISP,TPA,159
GJT,PHX,159
IAD,BNA,159
STT,STX,159
PSC,DEN,159
DTW,ELM,159
BUF,MDW,159
CVG,SYR,159
PHX,DRO,158
BNA,IAD,158
SEA,DCA,158
GSO,PIT,158
IAD,SAV,158
DFW,HRL,158
ATL,STT,158
SAT,HRL,158
DFW,GPT,158
SFO,BFL,158
AUS,MCO,158
EWR,SAV,157
DAY,PHL,157
PWM,CVG,157
PIT,PBI,157
STX,MIA,157
CAE,DFW,157
EWR,OMA,157
CVG,PDX,156
RNO,ORD,156
ELM,DTW,156
LAX,DAL,156
HOU,MEM,156
DTW,BHM,156
PIT,LEX,156
GSP,EWR,156
LGA,CHS,156
RDU,CLE,156
RSW,IND,156
GEG,OAK,156
BHM,DTW,155
TUL,OKC,155
IAH,RIC,155
BWI,PWM,155
MEM,JAN,155
PDX,JFK,155
MAF,ABQ,155
SAV,EWR,155
MHT,PIT,155
MSP,ABQ,155
MSP,GTF,154
PWM,LGA,154
SFO,BWI,154
IND,RSW,154
BUF,CLE,154
LAS,PSP,154
ABQ,MDW,154
LGA,PHL,154
PHX,MSY,154
BHM,CVG,154
AUS,SAT,153
ANC,OME,153
STL,SJC,153
BWI,SFO,153
PHX,BFL,153
DLH,ORD,153
TPA,ISP,153
DFW,CAE,153
SAN,BWI,153
MSY,PIT,153
ABQ,TUS,153
JAX,STL,153
ALB,CVG,153
BWI,SAT,153
CVG,ALB,152
SDF,BHM,152
MCI,SEA,152
DAY,LGA,152
JAN,MEM,152
ABQ,AMA,152
GSO,IAH,152
SFO,MDW,152
PBI,PIT,152
CHS,LGA,152
CLT,HSV,152
DAY,BWI,152
STT,ATL,151
MSP,MSY,151
LEX,PIT,151
AUS,SLC,151
FNT,ORD,151
BGM,PIT,151
SAV,IAD,151
BOS,MEM,150
MCI,SFO,150
DCA,CHS,150
CHA,ORD,150
AUS,SAN,150
DCA,JAX,150
BFL,SFO,150
RSW,SRQ,150
MSY,MSP,150
PIT,ELM,149
ORD,DLH,149
OGG,LIH,149
ELM,PIT,149
AMA,ABQ,149
DTW,OMA,149
LAS,HNL,149
MKE,BOS,149
MKE,DCA,148
ORD,GEG,148
MCI,SAN,148
DEN,PSC,148
PHX,DSM,148
ONT,MSP,148
FLL,LAS,148
SBN,ATL,148
PBI,ISP,147
HOU,DTW,147
SEA,PSP,147
SFO,MEM,147
HOU,FLL,147
CLL,IAH,146
STL,COS,146
SEA,MEM,146
MEM,SEA,146
BOS,SAN,146
BFL,PHX,146
BWI,GSO,146
DSM,PHX,146
COS,STL,145
CIC,SFO,145
PHX,ICT,145
VPS,IAH,145
DAY,CVG,145
YUM,LAX,145
CVG,PBI,145
TPA,TLH,145
BOI,LAX,145
DFW,FWA,145
CAK,LGA,144
LAS,MEM,144
ORD,RNO,144
SMF,LGB,144
IAD,CVG,144
IAH,GRK,144
BTV,IAD,144
HOU,JFK,144
TOL,ATL,144
ORF,IAH,144
MEM,BOS,144
CHS,DFW,144
DRO,PHX,144
LGA,DAL,144
DCA,ROC,144
IAH,GSO,143
PIT,SBN,143
HNL,PDX,143
JFK,SJC,143
ELP,ATL,143
IAH,ORF,143
BWI,AUS,143
STL,AUS,143
IAD,GSP,143
MEM,GPT,143
HOU,LGA,143
RSW,DCA,143
LGA,HOU,143
SJC,STL,143
STL,LNK,143
OGG,SEA,143
EWR,SRQ,143
LGA,SDF,142
PIT,MHT,142
JFK,CMH,142
LAS,MSY,142
LAX,BOI,142
SAT,CLT,142
CLE,MHT,142
CLT,AUS,142
CVG,BHM,142
OAJ,CLT,142
RIC,IAH,142
BTR,MOB,141
PVD,CLE,141
BWI,CHS,141
SFO,CIC,141
DFW,LEX,141
DFW,MSN,141
PDX,STL,141
MSY,SLC,141
GPT,DFW,141
ABQ,LBB,141
CLE,PVD,141
HPN,FLL,141
PIT,BGM,141
MKE,CLT,141
CLE,BUF,141
STL,JAX,141
BDL,PBI,141
SJU,BDL,140
DET,MDW,140
MEM,CLE,140
MDT,ABE,140
CHS,DCA,140
MDW,DAL,140
PSP,LAS,140
CVG,BUF,140
ATL,ONT,140
GSP,IAD,140
SHV,MLU,140
IAH,GSP,139
MRY,PHX,139
IAD,PVD,139
EGE,DEN,139
PWM,PIT,139
BWI,SLC,139
SLC,BTM,139
MHT,IAD,139
MSP,AUS,139
IAD,SYR,139
LAX,YUM,138
DAB,CLT,138
PWM,BWI,138
DTW,LEX,138
DTW,TYS,138
ATL,TUS,138
JFK,HOU,138
DEN,LIT,137
EWR,PDX,137
ORF,MCO,137
OMA,MEM,137
ATL,PIA,137
PWM,IAD,137
LGB,SMF,137
LAX,ONT,137
SFO,MCI,136
SYR,CVG,136
PIT,MSY,136
BTM,SLC,136
LGA,GSP,136
BOI,OAK,136
BTV,PIT,136
CRW,CLT,136
TUS,MSP,136
BUF,CVG,136
SAT,DTW,136
BOS,IND,135
COS,ATL,135
SAN,BOS,135
LAX,BFL,135
PDX,EWR,135
PHX,SBP,135
JNU,KTN,135
MSY,PHX,135
CVG,DAY,134
CMH,JFK,134
HRL,DFW,134
AUS,CLT,134
DCA,GSO,134
MDW,SLC,134
ABE,MDT,134
MCO,SDF,134
LEX,DFW,134
LEX,DTW,134
LAS,GEG,134
TLH,TPA,134
MCI,OAK,133
MSP,RNO,133
DTW,HOU,133
LIT,CVG,133
TLH,CLT,133
SBN,PIT,133
SBP,PHX,132
PHX,RDU,132
MCO,SAT,132
MCO,ORF,132
MSO,MSP,132
MDW,ABQ,132
AUS,MSP,132
PVD,CVG,132
TUS,ATL,131
MHT,TPA,131
TYS,DTW,131
ORD,AVP,131
LAX,DCA,131
MAF,ELP,131
MSN,DFW,130
ONT,ATL,130
PHX,FLL,130
ALB,CLE,130
IDA,DEN,130
ISP,ORD,130
PIA,ATL,130
DCA,SEA,130
HOU,CVG,130
DCA,DAL,130
JFK,ORF,129
ELP,LBB,129
ORD,CHA,129
GSO,DCA,129
GEG,LAS,129
ORD,ANC,129
GSO,BWI,129
ORF,RDU,129
TUS,ABQ,129
ORD,FNT,129
LGA,XNA,129
PSG,WRG,129
CLT,OAJ,129
DEN,DAL,129
DAL,DCA,129
MEM,OMA,129
IAH,CLL,129
MSO,GTF,128
IND,JFK,128
BWI,DAY,128
MLU,IAH,128
OXR,LAX,128
FWA,DFW,128
DAL,MDW,127
SRQ,RSW,127
CID,DTW,127
CLE,ALB,127
SDF,MCO,127
CDV,ANC,127
MEM,SDF,126
FLL,MSP,126
ATL,HNL,126
FLL,HPN,126
PDX,DTW,126
AVP,ORD,126
SAN,MCI,126
RNO,MSP,126
OAK,BOI,126
IAH,HNL,126
LNK,STL,126
OAK,MCI,126
SJU,IAH,126
SAF,DFW,126
ORF,JAX,126
CVG,PWM,125
MEM,SFO,125
SWF,ATL,125
FAI,BRW,125
SDF,CLE,125
BRW,FAI,125
ATL,COS,125
SEA,MCI,125
ONT,LAX,125
MLI,DEN,125
LAX,SNA,125
MIA,PHX,125
GRK,IAH,125
DEN,EGE,125
BOS,ORF,125
CLT,TLH,125
BOS,SJC,124
MIA,BDL,124
BHM,DAL,124
CDV,YAK,124
SAT,MCO,124
LIH,OGG,124
DTW,CID,124
SLC,LWS,124
DTW,EVV,124
IAD,GSO,124
OMA,EWR,124
DFW,SAF,124
DAL,DEN,124
SYR,BOS,124
SAV,LGA,124
OAK,GEG,124
IAH,MLU,124
MHT,ATL,124
CHS,BWI,124
OMA,DTW,124
CLT,MLB,123
CLE,MEM,123
MCI,TPA,123
XNA,LGA,123
MIA,STX,123
BDL,MIA,123
MSP,ONT,123
JFK,RIC,123
PIT,BTV,123
BOS,JAX,123
CHS,IAH,123
CMH,IAD,123
MDW,AUS,123
SAT,EWR,123
PHL,LGA,123
PIT,PWM,123
COD,SLC,123
STL,ONT,122
SIT,KTN,122
DTW,SAT,122
CRW,ORD,122
WRG,KTN,122
YAK,JNU,122
ROW,DFW,122
ATW,DTW,122
IAD,BTV,121
BDL,SJU,121
SAN,RNO,121
KTN,WRG,121
CVG,SAT,121
PHX,MRY,121
SDF,DCA,121
ONT,STL,121
KTN,SIT,121
SJC,JFK,121
SAN,HNL,121
OKC,TUL,120
HSV,MEM,120
SLC,MSY,120
CVG,HOU,120
OAK,IAD,120
SYR,MCO,120
CVG,TYS,120
PHX,MIA,120
SDF,LGA,120
GEG,ORD,120
AUS,HRL,120
SJC,BOS,120
ATL,MHT,119
PWM,DTW,119
BNA,JFK,119
MEM,LAS,119
CLE,SDF,119
CAE,CVG,119
CVG,LIT,119
HRL,AUS,119
DFW,ILE,118
JAX,ORF,118
CDC,SLC,118
LGA,SAV,118
MDW,MSY,118
FWA,CVG,118
CVG,JAN,118
EVV,DTW,118
SFO,FLL,118
TPA,MHT,118
SDF,MEM,118
DCA,LAX,118
IAH,CHS,118
LAS,OKC,117
MSP,ATW,117
JAN,MDW,117
CHS,JFK,117
JFK,BUR,117
ATL,MSN,117
CLT,MHT,117
LIT,DEN,117
MIA,IND,117
PDX,MFR,117
DFW,MGM,117
IAD,CMH,116
CLT,GNV,116
MSN,ATL,116
SEA,TUS,116
FLL,HOU,116
RIC,JFK,116
SRQ,DTW,116
DTW,DSM,116
FLL,PHX,116
MGM,DFW,116
BOS,MKE,116
FLL,SFO,115
LAS,DAL,115
MHT,DCA,115
RDU,PHX,115
HNL,SAN,115
JAX,BOS,115
SAT,CVG,115
LWS,SLC,115
RNO,SAN,115
DAL,LGA,115
DEN,HDN,115
SAV,IAH,115
FLL,AUS,114
PHX,DAL,114
LAX,CMH,114
ATW,MSP,114
CLT,ABE,114
DFW,EGE,114
MDW,DET,114
SLC,MDW,114
BUR,JFK,114
JFK,CHS,114
ATL,TOL,114
ROA,ORD,114
ATL,AVP,114
DSM,DTW,114
DEN,RDU,114
ILE,DFW,114
GSP,CVG,113
DEN,AMA,113
JFK,PHL,113
CLT,CRW,113
DAL,BHM,113
SDF,TPA,113
SCC,ANC,113
MFR,PDX,113
KTN,JNU,113
SEA,MIA,113
LAS,BUF,113
SEA,MCO,113
MKE,BNA,112
ABE,CLT,112
CVG,SRQ,112
MSP,ICT,112
MSP,FLL,112
PDX,HNL,112
ANC,CDV,112
RDM,SLC,112
DFW,BRO,112
SYR,IAD,112
JNU,PSG,112
GRR,EWR,111
HDN,DEN,111
OKC,LAS,111
DTW,SRQ,111
GRR,CLE,111
ATL,EWN,111
PSG,JNU,111
ORD,CRW,111
TUS,SFO,111
MCO,SEA,111
MSP,COS,111
SNA,LAX,111
DCA,SDF,111
MSY,MDW,111
TPA,BUF,111
DTW,ERI,110
CVG,ROC,110
BUF,LAS,110
CVG,FWA,110
JAN,BWI,110
RDU,ORF,110
HNL,ATL,110
IAH,GRR,110
SFO,MSY,109
AUS,IAD,109
MSP,SAT,109
MSP,TUS,109
SPN,GUM,109
SAN,SAT,109
RDU,DEN,109
ATL,ATW,109
SAN,HOU,109
BOS,SYR,109
MIA,FLL,109
GSP,IAH,109
MHT,CLE,109
LGA,CAK,109
HOU,SAN,109
MLB,CLT,109
DAL,PHX,109
SLC,MFR,109
IND,BOS,109
ISP,PIT,109
IAH,DSM,108
MIA,CMH,108
SAT,SAN,108
BHM,JAN,108
JFK,BNA,108
CLE,RIC,108
IND,MIA,108
PIT,TYS,108
IND,IAD,107
JAN,CVG,107
PHL,JFK,107
RIC,ORF,107
CVG,PVD,107
EWR,ALB,107
SLC,CDC,107
ORD,ISP,107
MEM,PIT,107
SAT,MSP,107
MSP,MSO,107
EWR,SAT,107
MDW,ALB,106
GSP,LGA,106
MEM,HSV,106
IND,CMH,106
PDX,MDW,106
AUS,MDW,106
YAK,CDV,106
DFW,PIA,106
MEM,JAX,106
ATW,ATL,106
EWN,ATL,106
ROC,MCO,106
HNL,IAH,106
DEN,IDA,106
BDL,DEN,106
DFW,ROW,106
MDT,CVG,106
IYK,LAX,105
ATL,SWF,105
DEN,BDL,105
PVD,FLL,105
TPA,MCI,105
HOU,OAK,105
EGE,DFW,105
IAD,AUS,105
IAH,JFK,105
ORF,MDW,105
DEN,GCC,104
DTW,ATW,104
MSP,LNK,104
LGA,DAY,104
IAD,LGB,104
MCO,SYR,104
RIC,CLE,104
LAS,MAF,104
CVG,CAE,104
MLI,DFW,104
IAH,SAV,104
OME,OTZ,104
JAN,BHM,104
AVP,ATL,104
PIA,DFW,104
MCI,MKE,103
SFO,TUS,103
CMH,MIA,103
MDW,JAN,103
PIT,ISP,103
COS,MSP,103
DSM,IAH,103
BWI,RIC,103
MEM,SHV,103
LGB,PDX,103
MHT,CLT,103
JNU,YAK,103
PHF,LGA,102
LAX,ASE,102
BHM,LGA,102
AUS,CVG,102
DEN,MLI,102
SLC,COD,102
CLT,AGS,102
ROC,CVG,102
SJC,SBA,102
BNA,MKE,102
CHO,CLT,102
TPA,AUS,102
DEN,RKS,102
DAY,CLE,102
LAX,OXR,101
WRG,PSG,101
ITO,OGG,101
DFW,MLI,101
LAX,MKE,101
OAK,HOU,101
JFK,IND,101
AUS,FLL,101
BWI,ABQ,101
AZO,MSP,101
CAK,PIT,101
DTW,PDX,101
TLH,MCO,101
LGB,IAD,101
SLC,RDM,100
DAL,LAS,100
MEM,TUL,100
IAH,SJU,100
MSY,SFO,100
BQN,JFK,100
IAD,IND,100
MDW,SAT,100
BGM,DTW,100
MEM,MOB,100
PIT,ITH,100
CMH,LAX,100
LAX,ANC,100
SRQ,CVG,99
EWR,DAB,99
CMH,IND,99
PNS,MIA,99
IAD,PDX,99
RDU,JAX,99
BRO,DFW,99
GTF,DEN,99
CLE,GRR,99
ERI,DTW,99
PHX,SDF,99
TYS,IAD,99
SJC,LGB,99
PDX,LGB,99
CLT,CHO,99
SJC,HNL,99
HSV,BHM,99
MCO,ROC,99
EUG,SLC,99
LIT,CLT,99
LAS,RDU,99
MCO,DAY,98
MAF,DEN,98
TUL,MEM,98
SEA,ABQ,98
ALB,MDW,98
MEM,RDU,98
GSO,IAD,98
IAD,ALB,98
IAH,LEX,98
MOB,MEM,98
LIH,SFO,98
FSD,STL,97
CLE,SYR,97
OKC,CVG,97
ALB,EWR,97
SAT,MDW,97
TYS,PIT,97
DAB,EWR,97
GCC,DEN,97
PVD,BNA,97
MCO,ABQ,97
CLT,MDW,97
ABQ,CVG,97
LAX,IYK,97
ORD,AVL,97
MFR,SLC,97
SYR,BWI,96
LIT,PHX,96
ORD,ROA,96
JFK,BQN,96
MSP,AZO,96
MOT,DEN,96
DEN,GTF,95
MDW,PDX,95
IAD,TYS,95
CLE,CMH,95
RIC,BWI,95
JAX,RDU,95
CVG,DSM,95
BHM,HSV,95
LEX,IAH,95
GNV,CLT,95
ORF,JFK,94
FLL,BUF,94
ISP,RDU,94
LCH,DFW,94
SFO,DAL,94
BUF,TPA,94
EWR,TYS,94
MEM,BWI,94
OAK,IAH,94
BNA,SEA,94
PIT,MEM,94
ITH,PIT,94
SRQ,MCO,94
RIC,MCO,94
GJT,DFW,94
SNA,DTW,94
ORD,ASE,94
SYR,CLE,93
HOU,LIT,93
HOU,MSP,93
MIA,SEA,93
MAF,LAS,93
DAY,MCO,93
BUF,FLL,93
MFR,DEN,93
CVG,GSP,93
BWI,JAN,93
OAK,OGG,93
DAL,SFO,93
GSP,RDU,93
CVG,MDT,93
LEX,SDF,93
EWR,GRR,93
IAD,OAK,93
CAK,CVG,93
CID,ATL,93
SLC,AUS,93
FLL,PVD,92
DEN,ANC,92
DCA,MHT,92
ATL,LYH,92
EWR,CAE,92
PIT,CAK,92
SHV,MEM,92
ORD,EAU,92
MIA,GNV,92
MDW,CLT,92
LAS,LBB,92
MLU,SHV,92
MSY,CLE,92
RKS,DEN,92
PHX,LIT,91
LGB,SJC,91
MLI,DTW,91
LBB,LAS,91
STT,JFK,91
PIT,SWF,91
MKE,TPA,91
MEM,CMH,91
OGG,PDX,91
IAH,CAE,91
ICT,MSP,91
JAC,ORD,91
STL,FSD,90
CVG,CAK,90
DEN,HNL,90
CLE,ROC,90
CVG,OKC,90
CMH,RSW,90
ANC,DEN,90
RDU,MEM,90
CVG,AUS,90
ORD,MKG,90
DEN,MFR,90
OGG,SJC,90
MSP,BUF,90
DTW,AVP,90
JFK,IAH,90
SDF,PHX,90
GRR,IAH,90
OKC,MSP,89
HNL,EWR,89
ABQ,MAF,89
ANC,LAX,89
MSP,HOU,89
SFO,LIH,89
RDU,LAS,89
BWI,MEM,89
FLL,PBI,89
AGS,CLT,89
ABQ,BWI,89
DFW,LCH,89
SJC,MDW,89
JAX,MEM,89
CLT,LIT,89
DFW,BPT,89
GSP,PHL,89
STL,SMF,88
DFW,GJT,88
AMA,DEN,88
FCA,DEN,88
DTW,CAK,88
SFO,IND,88
AMA,LAS,88
AVL,ORD,88
DEN,DAY,88
CAK,DTW,88
HSV,DCA,88
MKE,LAX,88
LGB,BOS,88
MCO,CAK,88
AVP,DTW,88
CVG,TOL,87
DTW,AUS,87
LGA,BTV,87
ORD,JAC,87
MCO,GSO,87
HNL,OAK,87
TYS,EWR,87
HPN,PIT,87
CMH,CLE,87
GUM,SPN,87
DEN,MOT,87
EWR,HNL,87
ROC,CLE,86
PHX,OGG,86
FAT,RNO,86
ABQ,MCO,86
TPA,SDF,86
DEN,FCA,86
ALB,IAD,86
DEN,MAF,86
MEI,ATL,86
ABQ,SEA,86
MHK,DFW,86
TUS,SEA,86
SEA,BNA,86
SCC,BRW,85
BDL,BNA,85
CMH,MEM,85
SMF,ACV,85
IND,FLL,85
SAN,DAL,85
MCO,TLH,85
GRK,ATL,85
BNA,ECP,85
DTW,BTV,85
MKE,SEA,85
DTW,PWM,85
GSO,MIA,85
HNL,SJC,85
SBA,SJC,85
DTW,BGM,84
DAL,MCO,84
MCO,RIC,84
CMH,RDU,84
MKE,MCI,84
SDF,LEX,84
MEM,FLL,84
DFW,MHK,84
LYH,ATL,84
KOA,SEA,84
CLE,DAY,84
SEA,AUS,84
LAS,DCA,84
RDU,CMH,83
SLC,EUG,83
LGA,BHM,83
CVG,MDW,83
ASE,LAX,83
HSV,BNA,83
PDX,IAD,83
BUF,MSP,83
EWR,AVL,83
MCI,HOU,83
TPA,SAT,83
GRR,DEN,83
DEN,CAK,83
TPA,MKE,83
PDX,OGG,83
IAD,DAY,83
CHA,DFW,83
RDU,LAX,83
MIA,GSO,83
TOL,CVG,82
BNA,HSV,82
MDW,ORF,82
CAE,EWR,82
RSW,CMH,82
HNL,SLC,82
MCO,SRQ,82
HOU,MCI,82
ORD,CHO,82
AUS,TPA,82
OGG,DFW,82
SLC,DCA,82
PIT,HPN,82
BNA,MOB,82
ABE,CVG,82
DEN,GUC,82
MDW,SJC,82
DAL,BNA,82
PBI,RDU,82
DFW,CHA,81
LAS,SDF,81
DCA,HSV,81
OGG,ITO,81
BOS,LGB,81
SFO,CEC,81
CLE,MSY,81
MSY,SAT,81
AVL,EWR,81
BPT,DFW,80
LGA,PHF,80
PVD,RDU,80
AUS,BOS,80
MIA,ORF,80
CMX,ORD,80
ABR,MSP,80
CVG,ABQ,80
PIT,HTS,80
DAY,TPA,80
CLE,ORF,79
ATL,MEI,79
BOS,BTV,79
CAE,IAH,79
BZN,BIL,79
LAS,TUL,79
EAU,ORD,79
BNA,PVD,79
LIT,HOU,79
DTW,SNA,79
DUT,ANC,79
BRW,ANC,79
DEN,BFL,79
PHL,GSP,79
DSM,CVG,79
RDU,PVD,79
TUS,MDW,79
SUX,ORD,79
IAH,PSP,79
JFK,SAV,78
LAX,OKC,78
MSP,LAN,78
PDX,MCI,78
DAL,BWI,78
STL,BHM,78
ORF,MIA,78
DTW,SWF,78
CRW,IAH,78
RDU,GSP,78
IAH,OAK,78
CAK,MCO,78
EVV,CVG,78
MIA,PNS,78
AUS,DTW,78
PAH,ORD,78
PIT,ROA,78
IAH,CRW,78
SEA,BLI,77
MKG,ORD,77
DAY,IAD,77
DFW,OGG,77
LAS,BDL,77
OGG,PHX,77
ITH,ELM,77
BDL,JFK,77
LIT,BNA,77
GTF,MSO,77
HTS,PIT,76
MOB,BTR,76
MCO,DAL,76
PIT,SNA,76
OKC,LAX,76
ROA,BWI,76
CHS,SAV,76
HOU,BOS,76
OAK,ATL,76
IAH,HOU,76
RDU,ROC,76
DCA,SLC,76
RDU,CHS,76
ROA,PIT,76
ACV,SMF,76
SRQ,JFK,76
CVG,ATW,76
IND,SFO,76
BTV,DTW,76
DEN,XNA,76
HOU,IAH,76
BNA,DAL,76
CLT,STT,75
RAP,FSD,75
MCI,PDX,75
BHM,LAS,75
MSP,OKC,75
XNA,MEM,75
TUL,LAS,75
XNA,DEN,75
DTW,PLN,75
MSP,XNA,75
RIC,FLL,75
FLL,MEM,75
RDU,RSW,75
HOU,DCA,75
SWF,MCO,75
PLN,DTW,75
DTW,SCE,75
DEN,GRR,75
EVV,DFW,75
SMF,STL,75
MCO,BQN,75
SAN,ONT,75
DTW,OKC,75
HNL,DEN,74
MDW,LIT,74
ATL,CID,74
ATL,OAK,74
MSY,BOS,74
ECP,BNA,74
ATL,FSM,74
EWR,MYR,74
MEM,XNA,74
BOS,CAK,74
MBS,MSP,74
BHM,DEN,74
COS,LAS,74
CLE,ABE,74
SDF,DEN,74
BOS,PDX,74
FLO,ATL,74
GTF,BIL,74
PIA,DTW,73
SJC,OGG,73
BNA,BDL,73
BOS,HOU,73
RDU,SYR,73
BWI,DAL,73
ORD,CMX,73
BNA,LIT,73
DCA,LAS,73
LAS,BHM,73
GNV,MIA,73
PHL,MKE,73
LAN,MSP,73
OAK,HNL,73
ATL,MCN,73
HSV,IAD,72
LAX,RDU,72
IAD,ROA,72
ORD,LGB,72
JAN,MCO,72
FNT,MCO,72
DTW,MLI,72
BPT,IAH,72
DAY,DEN,72
GSO,TPA,72
SLC,SBA,72
CHS,RDU,72
BGR,LGA,72
PIT,PHF,72
OKC,DTW,72
OMA,CVG,72
GSP,MEM,72
CRW,CVG,72
ECP,HOU,72
ATL,GRK,72
SAT,MSY,72
CVG,HSV,72
MKE,RSW,72
MDW,TUS,72
LNK,MSP,72
GUC,DEN,72
MSP,HNL,71
RSW,MKE,71
ATL,FLO,71
SEA,BWI,71
BWI,SYR,71
SEA,KOA,71
CVG,COS,71
SPI,DFW,71
CVG,ABE,71
DAL,SAN,71
SGF,MEM,71
BIL,BZN,71
IAH,DAY,71
TLH,DFW,71
SEA,FAT,71
MDW,SMF,71
CAE,LGA,71
ROA,CVG,71
LGA,CAE,71
ALB,RDU,71
HOU,EWR,71
AZO,DAY,71
LAS,LIT,70
DCA,HOU,70
ORD,PAH,70
HNL,SMF,70
DEN,BHM,70
CVG,OMA,70
DFW,TLH,70
MOB,CLT,70
IAH,HOB,70
SEA,MKE,70
BWI,ROA,70
BOS,AUS,70
COS,CVG,70
OGG,OAK,70
PNS,MOB,70
HSV,CVG,70
EWR,STT,69
SNA,PIT,69
LAS,COS,69
PVD,PHX,69
PHX,BUF,69
BFL,DEN,69
RDU,ALB,69
ORD,RAP,69
ALB,LAS,69
DAY,IAH,69
FLL,IND,69
PSE,MCO,69
RNO,FAT,69
CID,CVG,69
CEC,SFO,69
SMF,MDW,69
LAS,AMA,69
MSP,RHI,69
BOS,MCI,68
FSM,ATL,68
SAV,CVG,68
LAX,EUG,68
ITH,DTW,68
CLT,MOB,68
CVG,MSN,68
OAK,BNA,68
SWF,DTW,68
DFW,DRO,68
AUS,SEA,68
CVG,SAV,68
STT,CLT,68
SCE,DTW,67
MDW,CVG,67
BWI,SEA,67
FLL,RIC,67
CLE,PBI,67
CAK,CLT,67
IAH,BFL,67
DFW,GRI,67
TUL,DTW,67
BNA,OAK,67
BLI,SEA,67
SWF,PIT,67
PIA,MLI,67
MSP,ABR,67
SUX,LNK,66
JAX,SAV,66
LIT,LAS,66
XNA,MSP,66
RDU,SFO,66
LAS,ALB,66
CHO,ORD,66
RNO,IAH,66
PDX,BOS,66
LGB,ORD,66
SFO,SAT,66
DFW,FSD,66
SAV,CHS,66
CVG,CRW,66
MCO,PSE,66
ORF,RIC,66
BQN,MCO,65
ISP,BOS,65
CVG,LAN,65
HPN,RSW,65
SEA,PSC,65
MDW,CHS,65
TYS,STL,65
DTW,ITH,65
BQN,EWR,65
MOT,BIS,65
ALB,BUF,65
FLL,ALB,65
SAT,TPA,65
TPA,PNS,65
PHX,PVD,65
MSP,SUX,65
BTV,LGA,65
IND,MKE,65
MOB,BNA,65
CVG,AVP,65
SLC,HNL,65
HNL,MSP,65
JAX,HOU,65
RIC,IAD,65
HOB,IAH,65
MCN,ATL,65
BTV,CLE,65
JFK,SRQ,64
PBI,FLL,64
ISN,MSP,64
PHL,STT,64
BOS,ISP,64
MEM,MGM,64
CLT,LEX,64
LIH,SEA,64
IAD,HSV,64
DTW,TUL,64
RIC,MIA,64
DEN,LAR,64
CLT,SLC,64
BUF,ALB,64
CVG,CID,63
RDU,PBI,63
DFW,SBA,63
SBA,SLC,63
TUL,MSP,63
TPA,ROC,63
BGR,DTW,63
MSN,EWR,63
CHS,MIA,63
CLT,CAK,63
RDU,BUF,63
SDF,LAS,63
BUF,RDU,63
LIT,BWI,63
GRR,BWI,63
PHF,BOS,63
HOU,ECP,63
DAB,RDU,63
SJU,STX,63
CHS,BOS,63
STL,PIA,63
STT,EWR,63
PDX,PSP,63
HNL,GUM,63
RHI,MSP,63
ROC,RDU,63
LAX,IPL,63
HLN,DEN,63
ASE,ORD,63
GCK,DFW,63
BNA,BTR,62
MSP,BRD,62
DEN,COD,62
ANC,DUT,62
AZO,CVG,62
PWM,DCA,62
LGA,BGR,62
DRO,DFW,62
ISN,DEN,62
LIT,MDW,62
JFK,SMF,62
BHM,STL,62
ANC,PHX,62
EWR,MSN,62
PSC,SEA,62
SRQ,RDU,61
MHT,CVG,61
MSP,ISN,61
PWM,ALB,61
GTF,HLN,61
STL,SHV,61
LAN,CVG,61
MSP,BJI,61
FSD,RAP,61
ORD,MQT,61
GRR,LGA,61
MEM,GSP,61
COD,DEN,61
PIT,SAT,61
PNS,TPA,61
STX,SJU,61
JLN,DFW,61
MSN,CVG,61
BUF,ROC,61
IAD,SMF,61
FAT,SEA,61
SAT,SFO,61
MEM,DAL,61
CVG,CHS,61
LGA,TYS,61
BWI,GRR,60
EVV,IND,60
STL,PBI,60
RSW,RDU,60
ORD,MHK,60
SWF,FLL,60
HNL,ANC,60
CLT,PWM,60
CVG,AZO,60
GRI,DFW,60
MYR,EWR,60
EWR,XNA,60
MSP,FCA,60
LEX,CLT,60
PUB,COS,60
JFK,BDL,60
IAD,HPN,60
BFL,DFW,60
CHS,MDW,60
DFW,EVV,60
SMF,JFK,60
MSP,SBN,60
MSN,CLE,60
MKE,PHL,60
MDT,IAD,60
BOS,GSO,60
SDF,DAY,60
BOS,CHS,60
RDU,ISP,60
OGG,SAN,60
LNK,SUX,60
ATW,CVG,60
IND,EVV,59
DEN,SDF,59
DAY,GRR,59
PHX,ANC,59
MSP,TUL,59
SDF,MIA,59
SAN,MCO,59
ISP,ATL,59
BNA,JAN,59
LAX,CCR,59
MCI,IAD,59
FCA,MSP,59
SIT,SEA,59
ALB,TPA,59
HOU,ORD,59
DCA,SFO,59
FNT,MSP,59
SLC,RKS,59
SAV,JAX,59
DAL,FLL,59
BLI,LAS,59
BTV,BOS,59
DFW,BMI,59
MHK,ORD,59
LBB,DEN,58
BHM,MIA,58
IAD,RIC,58
SGU,LAX,58
ANC,AKN,58
XNA,EWR,58
GSO,MCO,58
BNA,SDF,58
PWM,CLT,58
CWA,DTW,58
MSN,LGA,58
MSP,HPN,58
ABQ,PIT,58
BMI,DFW,58
IAD,MCI,58
CAK,BOS,58
EWR,BQN,58
IAH,BPT,58
DET,STL,58
DAY,EVV,58
SAN,OGG,58
TPA,GSO,58
SWF,RDU,58
SJC,IAD,57
ORD,BZN,57
CHA,CVG,57
DAY,LAX,57
MCI,BOS,57
TYS,LGA,57
MKE,IND,57
RAP,ORD,57
ORF,BNA,57
SUX,MSP,57
CVG,CHA,57
SAV,RDU,57
IAD,SJC,57
OTH,SFO,57
GSP,CLE,57
CMI,DFW,57
CVG,TRI,57
PSP,IAH,57
JAN,BNA,57
JAC,DFW,57
ORD,COU,57
CLT,PHF,57
CRW,IAD,56
SLC,CLT,56
PHX,KOA,56
BWI,OKC,56
ALB,FLL,56
SFO,OTH,56
MIA,SDF,56
BRD,MSP,56
TUL,CVG,56
DFW,CMI,56
AVP,CVG,56
SAV,JFK,56
MGM,MEM,56
DFW,RAP,56
PHL,AVP,56
DTW,PIA,56
AUS,RDU,56
PHF,PIT,56
DFW,SPI,56
SJU,RDU,56
EWR,BGR,56
MSP,MLI,56
BIS,MOT,56
OKC,EWR,56
IAD,CRW,55
MIA,CHS,55
ABE,CLE,55
OMA,DSM,55
BNA,TYS,55
MEM,GRR,55
XNA,CVG,55
CVG,MHT,55
BTM,BZN,55
PSP,PDX,55
MSY,IND,55
BJI,MSP,55
CVG,XNA,55
MIA,BHM,55
DEN,RDM,55
IAH,RNO,55
ORF,CLE,55
TPA,DAY,55
BUF,PHX,55
HOU,JAX,55
BOS,MSY,55
SYR,RDU,55
ROA,IAD,55
SFO,PSC,55
MSP,MBS,55
LGA,GRR,55
SBN,MSP,55
FSD,DFW,55
PNS,ORD,55
MEM,SGF,55
EWR,OKC,55
MCO,SWF,55
LGB,AUS,54
CVG,TUL,54
MCO,FNT,54
DEN,ISN,54
EUG,LAX,54
MEM,MDW,54
MYR,DTW,54
GUM,HNL,54
PDX,ABQ,54
STL,HNL,54
CLE,MSN,54
PBI,CLE,54
PBI,STL,54
CMH,FLL,54
MGM,MLU,54
MQT,ORD,54
ATL,BTV,54
MDW,MEM,53
MLB,DAB,53
SRQ,MDW,53
BDL,RSW,53
SFO,MKE,53
SDF,IND,53
RDU,SWF,53
BNA,PNS,53
RDU,SJU,53
SBN,DAY,53
SEA,LIH,53
TPA,CAK,53
PSE,JFK,53
DSM,MKE,53
MIA,RIC,53
ABQ,PDX,53
BTR,BNA,53
CAE,RDU,53
BFL,IAH,53
SMF,IAD,53
CVG,EVV,53
PNS,MCO,53
PIT,TRI,53
TRI,CVG,53
RDU,CAE,53
PNS,BNA,53
EWR,SJC,53
DAY,SBN,53
DAY,LAN,53
SBA,DFW,53
BNA,SLC,53
FAT,SAN,52
PIT,FWA,52
DEN,PIA,52
FLL,SWF,52
LAX,DAY,52
SAV,BOS,52
RDU,SRQ,52
MSY,AUS,52
ISP,BNA,52
IND,MSY,52
SFO,RDU,52
AVP,PHL,52
TYS,DEN,52
HSV,DTW,52
GRB,CVG,52
CLE,GSP,51
DEN,LBB,51
CCR,LAX,51
ALO,ORD,51
MIA,RSW,51
RSW,HPN,51
ALB,PWM,51
PHX,BHM,51
SJC,EWR,51
ROA,DTW,51
RDU,DAB,51
CHA,MEM,51
DSM,MEM,51
BDL,BUF,51
AUS,MSY,51
BOS,PHF,51
SHV,STL,51
DEN,RSW,51
GSP,MDW,51
RAP,DFW,51
BWI,ORH,51
RSW,BDL,51
MEM,TLH,51
TPA,HPN,51
CHS,CVG,51
FCA,GTF,51
FWA,PIT,51
IAD,MDT,51
RKS,SLC,51
BTR,JAN,51
DEN,JAX,51
CLT,LYH,51
LGA,SRQ,51
STX,JFK,50
LGA,CHO,50
RSW,TPA,50
PHL,AUS,50
SRQ,STL,50
MLU,JAN,50
DTW,HSV,50
IND,DET,50
MEM,PNS,50
MHT,BNA,50
RDU,AUS,50
EWR,TUL,50
FLL,CMH,50
FLL,MCI,50
PHL,HOU,50
MSP,FNT,50
DAY,CAK,50
SAT,IAD,50
HDN,IAH,50
JAX,BHM,50
TYR,IAH,50
CAK,DEN,50
CHO,LGA,50
MDW,ONT,50
PHF,CLT,50
TPA,ALB,50
RDU,RIC,50
COS,PUB,50
MKE,OMA,50
AVP,CLT,50
DAY,BOS,50
GRR,MDW,49
BDL,LAS,49
HYS,DEN,49
PSC,SFO,49
MIA,HOU,49
DFW,JLN,49
CWA,MSP,49
IAH,TYR,49
FWA,TOL,49
MYR,BWI,49
BDL,BOS,49
MDW,SRQ,49
LGA,MHT,49
SCE,ORD,49
MTJ,DFW,49
SMF,HNL,49
EGE,ORD,49
DFW,GCK,49
EVV,DAY,49
DFW,JAC,49
MHT,LGA,48
SEA,CLE,48
CHA,DTW,48
SWF,CVG,48
MFR,LAX,48
MKE,SFO,48
SFO,DCA,48
RSW,DEN,48
JAX,MSY,48
ACV,CEC,48
ATL,CRP,48
SYR,BDL,48
BIL,GTF,48
DAY,FWA,48
PSP,ONT,48
HIB,MSP,48
TPA,DAL,48
DEN,HLN,48
STL,TYS,48
MCO,JAN,48
COU,ORD,48
BWI,LIT,48
HVN,ORD,48
FAI,SCC,48
IND,JAX,48
ICT,LAS,48
BNA,CHS,48
SHV,JAN,48
AVL,IAH,48
FLL,MIA,48
CMI,DAY,47
RIC,MSP,47
LYH,CLT,47
SFO,ANC,47
BDL,IAH,47
IND,RDU,47
DTW,ESC,47
ORH,BWI,47
KOA,OAK,47
IPL,LAX,47
MYR,LGA,47
BNA,IND,47
ABE,MCO,47
BNA,SFO,47
JAX,IND,47
BOS,OAK,47
SRQ,ORD,47
ANC,SFO,47
GSO,FAY,47
SAT,PIT,47
PNS,MEM,47
STL,SRQ,47
BZN,ORD,47
DTW,CWA,47
MSP,HIB,47
DTW,CHA,47
BZN,BTM,47
DFW,BFL,47
FLL,DAL,47
SLC,BNA,47
MLU,PNS,47
HOU,PHL,46
MKE,FLL,46
FNT,DAY,46
DAL,SJC,46
LAS,ICT,46
CLE,BTV,46
SRQ,PHL,46
DTW,SJU,46
PHX,LIH,46
GUC,DFW,46
DAY,AZO,46
SDF,BNA,46
PIT,ACY,46
MEM,CHA,46
SRQ,LGA,46
IND,SDF,46
IND,BNA,46
HDN,DFW,46
LGA,MYR,46
STL,DET,46
MCO,SAN,46
JAX,DEN,46
COS,SFO,45
KOA,PHX,45
MDT,CLE,45
BZN,MSO,45
BNA,ORF,45
BNA,ISP,45
GSO,RDU,45
TYS,CLE,45
EWR,HOU,45
IND,HOU,45
DAB,MLB,45
LIT,DTW,45
MEM,PFN,45
DTW,MYR,45
ESC,DTW,45
WYS,SLC,45
PBI,IAD,45
LAX,MFR,45
DET,IND,45
JAC,IDA,45
ORD,SUX,45
ORD,EGE,45
GRR,MCO,45
ONT,MDW,45
JFK,ACK,45
ONT,SAN,45
GEG,LAX,45
LGA,MSN,45
EFD,IAH,45
HPN,MSP,45
LAN,DAY,44
SYR,STL,44
BDL,SYR,44
ORD,PNS,44
CVG,GRB,44
ELP,TUS,44
CLE,TYS,44
LIH,PHX,44
SJC,DAL,44
ORD,HOU,44
DLG,ANC,44
CLT,AVP,44
ATL,ISP,44
PSC,GEG,44
MSY,JAX,44
PVD,JFK,44
PIT,ABQ,44
SMF,MCI,44
DFW,HDN,44
LAX,SGU,44
IAH,BDL,44
HOU,MIA,44
BOS,DAY,44
SFO,COS,44
MSP,TVC,44
MTJ,IAH,44
DCA,PWM,44
GCC,SLC,44
ROC,TPA,44
FLL,ACY,44
CVG,ROA,44
AUS,LGB,44
ELM,ITH,44
ANC,HNL,44
DEN,SHV,43
ACY,MCO,43
DSM,OMA,43
AUS,OAK,43
SGU,DEN,43
LAN,AZO,43
OAK,BOS,43
TUS,CVG,43
DEN,TYS,43
GRR,DAY,43
CVG,HPN,43
MSP,JAX,43
ORD,OGG,43
SAV,DTW,43
SRQ,IAH,43
SBA,LAS,43
PIA,STL,43
DTW,DLH,43
BWI,GSP,43
TLH,MEM,43
HPN,TPA,43
EWR,BHM,43
PHX,MAF,43
MDW,GSP,42
ICT,MCI,42
HPN,CLE,42
JAN,SHV,42
ACY,FLL,42
SFO,LMT,42
MSY,MCI,42
SYR,BUF,42
JAX,PNS,42
LAX,GEG,42
CAK,DAY,42
ACY,PIT,42
ORF,CHS,42
BHM,JAX,42
DEN,HYS,42
OMA,MKE,42
CHS,DTW,42
STX,STT,42
BWI,OAK,42
HSV,DEN,42
LAR,DEN,42
SLC,MEM,42
SAN,MSY,42
TOL,FWA,42
MSP,RIC,42
MCI,RDU,42
SMF,OGG,41
BGR,EWR,41
OGG,SMF,41
EWN,CLT,41
IAD,SDF,41
GSO,CLE,41
LGB,FLL,41
CIU,DTW,41
RNO,STL,41
AUS,MIA,41
CLT,EWN,41
CLT,BTR,41
CLT,PDX,41
MCO,ABE,41
MLB,EWR,41
MSP,PSC,41
DAL,MEM,41
LAS,SBA,41
HPN,CLT,41
MKE,MSN,41
LAN,PIT,41
DAL,ORD,41
DEN,SGU,41
BGR,CVG,41
IAH,HDN,41
FAI,MSP,41
CHA,BNA,41
DFW,COU,41
HPN,CVG,41
DTW,MQT,41
MDW,GRR,41
HNL,STL,41
BNA,MHT,41
DAB,JAX,41
HPN,IAD,41
MYR,CVG,41
CVG,FSD,41
MLI,MSP,40
SJU,DTW,40
ATL,GRB,40
FWA,DAY,40
DEN,HSV,40
DAY,FNT,40
TUL,EWR,40
RDM,DEN,40
ASE,IAH,40
MEM,RSW,40
DTW,CHS,40
DAL,TPA,40
OMA,MCI,40
JMS,DVL,40
TLH,IAH,40
DAY,SDF,40
DFW,MTJ,40
ORD,HDN,40
RDU,SAV,40
SLC,ASE,40
DTW,BGR,40
MEM,DSM,40
CRP,ATL,40
ORD,SCE,40
CLT,HTS,40
MCO,PNS,40
BWI,MYR,40
FWA,MSP,40
CLE,SEA,39
BUF,SYR,39
CMH,MKE,39
MSP,PVD,39
HOU,IND,39
IAD,SAT,39
ABQ,TPA,39
CVG,SWF,39
TRI,PIT,39
EGE,ATL,39
PDX,LMT,39
MSY,SAN,39
MSP,FAI,39
MCO,ACY,39
CVG,CHO,39
MCI,FLL,39
MDW,RNO,39
MLI,CID,39
SRQ,DFW,39
SGF,CLT,39
ROC,BUF,39
PFN,MEM,39
SAN,FAT,39
RSW,MEM,39
ISO,CLT,39
DCA,AUS,39
LAS,MHT,39
AUS,CLE,38
SJC,TVL,38
MCO,GSP,38
TVC,MSP,38
MYR,RDU,38
OKC,BWI,38
BHM,PHX,38
DEN,MRY,38
ORD,JAN,38
GSO,BOS,38
HDN,ORD,38
FSD,CVG,38
DTW,ROA,38
ECP,BWI,38
FLL,MKE,38
ORH,PIT,38
GRB,ATL,38
CVG,BGR,38
IAH,AVL,38
HNL,JFK,38
DAL,OAK,38
CEC,ACV,38
EWR,EGE,38
JFK,PSE,38
ACY,ATL,38
SDF,IAD,38
GSO,MEM,38
DAY,CMI,38
DCA,SJU,38
ORD,HVN,38
ELP,SFO,37
CLE,GSO,37
LBB,MAF,37
JAX,PIT,37
ORD,SRQ,37
ACK,JFK,37
JAX,CHS,37
HTS,CVG,37
SAT,JFK,37
MSP,CWA,37
TVL,SJC,37
DCA,OMA,37
ALB,JFK,37
DTW,LIT,37
PNS,JAX,37
PBI,BNA,37
JAN,ORD,37
STL,TUS,37
AUS,PHL,37
HOU,CHS,37
CLE,AUS,37
CLT,HPN,37
TTN,MCO,37
LAS,GCN,37
STT,PHL,37
PHL,SRQ,37
BTV,ATL,37
PSC,MSP,37
PNS,BTR,37
OAK,DAL,37
BGR,PWM,37
JAX,MSP,37
RDU,MLB,36
TOL,DAY,36
CHS,ORF,36
DAY,CMH,36
ORD,DAL,36
IAH,EFD,36
TPA,RSW,36
DTW,CIU,36
BNA,RIC,36
CVG,TUS,36
PIT,ORH,36
EVV,PIT,36
AKN,ANC,36
AZO,LAN,36
SAT,CLE,36
PVD,ISP,36
MKE,DSM,36
SLC,FLL,36
SAN,BOI,36
BUF,BDL,36
MQT,DTW,36
MSP,PSP,36
EWR,LEX,36
BZN,SFO,36
LAS,ORF,36
SFO,SJC,36
MOB,PNS,36
OAK,AUS,36
BOI,IAH,36
IAH,MTJ,36
CLT,ISO,36
LIT,EWR,35
GTF,FCA,35
SFO,BNA,35
ECP,IAH,35
LGA,LEX,35
SJU,STL,35
ONT,JFK,35
MIA,DAY,35
MEM,GSO,35
GRR,MEM,35
BNA,ONT,35
SNA,HOU,35
SDF,PHL,35
FAY,GSO,35
RDU,IND,35
AVL,DTW,35
ORF,DCA,35
LAS,BLI,35
MDW,DSM,35
BHM,EWR,35
DCA,ORF,35
MOB,SHV,35
HOU,GSP,35
DCA,LEX,35
MSN,MKE,35
CAK,TPA,35
LMT,SFO,35
ISP,PVD,34
FCA,MSO,34
BQN,FLL,34
SEA,SBA,34
MSO,BZN,34
SLC,WYS,34
CLE,MDT,34
LAX,BDL,34
PSC,BOI,34
BNA,PBI,34
RIC,STL,34
XNA,DTW,34
GRR,MKE,34
FNT,TPA,34
PHL,SAT,34
LGA,ILM,34
ONT,BNA,34
JFK,PVD,34
SEA,FLL,34
RNO,MDW,34
EUG,PHX,34
INL,MSP,34
IAH,EGE,34
OKC,SFO,34
ASE,SLC,34
CHS,PHL,34
SFO,BZN,34
TUS,STL,34
PIT,JAX,34
CLT,ISP,34
CAE,DTW,34
MCI,ICT,34
LGA,OMA,34
DTW,APN,34
CHS,HOU,34
SLC,RDU,33
OKC,MDW,33
CLT,SGF,33
FSD,FAR,33
OAK,BWI,33
MDW,OKC,33
GSP,MCO,33
SLC,FAR,33
CLT,JAN,33
SEA,DAL,33
STL,SJU,33
EGE,IAH,33
ISP,CLT,33
XNA,LAX,33
LEX,DCA,33
MLI,PIA,33
MEM,EVV,33
MSY,OAK,33
RDU,MCI,33
RSW,MIA,33
HHH,ATL,33
PHL,SDF,33
MEM,SLC,33
PHF,MCO,33
DSM,CID,33
MCI,SMF,33
HLN,MSP,33
LBB,PHX,33
MAF,PHX,33
HTS,CLT,33
DTW,CAE,33
SEA,TPA,33
PDX,CLT,33
LAX,ITO,33
MCO,PHF,33
JFK,SAT,33
CVG,SGF,33
RDU,SEA,33
ICT,TUL,33
MIA,AUS,33
CVG,HTS,33
DTW,ANC,32
RIC,RDU,32
IMT,MSP,32
ORF,LAS,32
LEX,LGA,32
HLN,FCA,32
ASE,DFW,32
CHO,IAD,32
DTW,JAN,32
MSP,INL,32
OMA,CLT,32
MSP,FWA,32
MDW,PIE,32
UCA,BWI,32
MGM,BTR,32
OMA,LGA,32
CAK,RSW,32
BTV,DCA,32
CVG,AVL,32
JAN,DCA,32
SGF,CVG,32
GCC,RKS,32
DCA,BTV,32
HOU,RDU,32
DTW,AVL,32
OAK,KOA,32
PHL,PDX,32
TPA,ABQ,32
LAX,RDM,32
MLB,RDU,32
FAR,SLC,32
CLT,EYW,32
CHO,CVG,32
BWI,ECP,32
MCI,MSY,32
OGG,DEN,32
BWI,BGM,32
CVG,MYR,32
BHM,MGM,32
JFK,ALB,32
ELP,SLC,32
MCO,TYS,32
BOI,SAN,32
DTW,SAV,32
FSD,ATL,31
ONT,PSP,31
CVG,ERI,31
AKN,DLG,31
IAH,ECP,31
RSW,BUF,31
SAT,PHL,31
SRQ,PIT,31
PDX,DAL,31
BOS,BDL,31
ERI,CVG,31
PDX,DCA,31
PIE,MDW,31
FLL,BQN,31
GRR,CLT,31
ATL,HHH,31
SHV,BHM,31
CLT,XNA,31
MIA,SAN,31
ISP,SYR,31
BTR,CLT,31
PSP,MSP,31
SBA,SEA,31
MEM,MLI,31
SRQ,TPA,31
DFW,GUC,31
ORH,MCO,31
BOS,HPN,31
JAN,STL,31
OMA,DCA,31
ATL,FSD,31
SJC,DTW,31
SEA,SIT,31
PSG,SIT,31
VCT,IAH,31
EGE,EWR,31
SHV,DEN,31
BMI,DTW,30
FNT,CVG,30
STL,MSN,30
SJC,PSP,30
LAS,DSM,30
CLE,JAX,30
BHM,BTR,30
FSM,MEM,30
MCO,MDT,30
BNA,CHA,30
MIA,MDW,30
RDU,MYR,30
CLE,HPN,30
JNU,GST,30
CAE,CHS,30
IAD,ABQ,30
JFK,HNL,30
IND,PIE,30
CHS,JAX,30
SRQ,BOS,30
SFO,ELP,30
PDX,SBA,30
ABQ,IAD,30
DTW,RNO,30
BWI,UCA,30
CLT,GRR,30
OAK,LIH,30
CVG,FNT,30
CHS,BNA,30
LAS,BFL,30
SAN,CLE,30
PBI,SRQ,30
JNU,FAI,30
DFW,ASE,30
RIC,BNA,30
SJU,DCA,30
GUM,ROR,30
PIE,IND,30
PIT,FNT,30
MCO,GRR,30
EWR,PHL,30
ROC,MSP,30
PIT,SRQ,30
MCI,OMA,30
DSM,LGA,30
IAH,TLH,30
SLC,IND,29
FLL,LGB,29
ATL,APF,29
IAH,SGF,29
STL,RIC,29
BKG,ATL,29
LEX,EWR,29
AVL,CVG,29
PHX,EUG,29
MYR,PHL,29
LAX,SCK,29
SNA,DAL,29
OMA,SEA,29
CLT,MGM,29
HPN,BOS,29
PVD,LGA,29
DCA,CRW,29
SEA,MSY,29
CLT,VPS,29
LAS,ISP,29
VPS,CLT,29
RDM,LAX,29
SYR,ISP,29
RDU,GSO,29
MLI,CVG,29
RNO,SNA,29
LAS,PVD,29
PIT,LAN,29
GCN,LAS,29
MOB,JAN,28
CID,MLI,28
JAX,LAS,28
CSG,DFW,28
MCO,TTN,28
MRY,DEN,28
FLL,SLC,28
STL,SYR,28
BNA,GSO,28
MHT,LAS,28
DTW,BMI,28
SEA,SAT,28
SAN,MIA,28
STL,RNO,28
CLE,LEX,28
ANC,DLG,28
RSW,ISP,28
JFK,ABQ,28
PIT,AUS,28
TUL,ICT,28
MDW,JAX,28
LGA,PVD,28
LAX,JAC,28
GST,JNU,28
PVD,MCI,28
MYR,BOS,28
DAL,SEA,28
ATL,ACY,28
DSM,LAS,28
RDU,HOU,28
TPA,FNT,28
ISP,ALB,28
SRQ,BWI,28
OAK,MSY,28
MSP,IMT,28
MCI,AUS,28
BDL,LAX,28
JFK,BGR,28
CAK,EWR,28
DAY,MIA,28
GSP,BWI,28
LAX,MOD,28
MSP,HDN,28
MYR,IAD,28
BNA,RSW,28
PIT,BHM,28
TPA,SLC,28
PIB,MEI,28
AZO,PIT,28
PIT,HOU,28
SGU,PHX,28
RDU,SLC,27
LGA,DSM,27
PWM,BGR,27
IND,SLC,27
LIT,TUL,27
LMT,PDX,27
ORD,BIS,27
SUX,FSD,27
PIT,AZO,27
CLT,OKC,27
BTV,MHT,27
MSN,STL,27
EWR,MLB,27
IAD,ABE,27
HOU,SNA,27
PHL,CHS,27
SAF,LAX,27
DSM,MDW,27
ICT,DAL,27
AUS,PIT,27
DEN,JMS,27
DCA,DSM,27
COU,DFW,27
JFK,DAY,27
MCO,BMI,27
TUL,LIT,27
FLL,TLH,27
RSW,IAD,27
IAD,PBI,27
RSW,BNA,27
CVG,SCE,27
ATL,RST,27
CLT,DSM,27
ORD,ERI,27
JAX,DAB,27
OMA,SFO,27
MSY,SEA,27
RSW,CAK,27
EKO,RNO,27
SLC,MSN,27
MKE,CMH,27
HOU,PNS,27
IAD,BGM,26
PVD,LAS,26
ALB,ISP,26
BWI,AVL,26
CHS,FLL,26
AUS,ABQ,26
BGM,BWI,26
ASE,SFO,26
SJC,TUS,26
RDU,DAL,26
MCO,ORH,26
SMF,DAL,26
DTW,CRW,26
GEG,SMF,26
MOB,MLU,26
HRL,DAL,26
BOS,SAV,26
CLE,SAN,26
RSW,ACY,26
ATL,EGE,26
SAT,MCI,26
BFL,SLC,26
ABQ,JFK,26
MSP,EGE,26
PBI,MIA,26
LAX,XNA,26
ATL,LWB,26
BOS,MYR,26
BWI,SRQ,26
LBB,AMA,26
MSP,ROC,26
TYS,BNA,26
MCO,HSV,26
FLL,MYR,26
SNA,CVG,26
IAD,CHO,26
RST,LSE,26
SLC,GCC,26
DCA,PDX,26
TPA,SEA,26
RST,ATL,26
ACY,RSW,26
ORD,BGR,26
SAT,SEA,26
CRW,LGA,26
BFL,LAS,26
BMI,MCO,25
OTH,PDX,25
PIA,MSP,25
DAL,ICT,25
CLT,OMA,25
GPT,TPA,25
IAH,ANC,25
LAS,PMD,25
HOU,CLT,25
RNO,EKO,25
DTW,XNA,25
MDW,MIA,25
SCE,CVG,25
SNA,SAN,25
PHL,MYR,25
IAD,OKC,25
IAH,BOI,25
EWR,LIT,25
LIH,OAK,25
IAH,ASE,25
ATL,BKG,25
CID,DSM,25
LEX,BNA,25
SLC,DSM,25
SLC,BIS,25
CLT,TOL,25
ILM,LGA,25
PHX,MFR,25
BOS,STT,25
SEA,RDU,25
SCK,LAS,25
MCI,PVD,25
HDN,MSP,25
BIS,ORD,25
PIT,EVV,25
ORD,ALO,25
PSP,SJC,25
CVG,BTV,25
JAN,MOB,25
SRQ,CLE,25
MSP,HLN,25
OGG,SLC,25
MDW,DAY,25
PVD,MSP,25
GRR,DCA,25
EGE,MSP,25
CLT,MSN,25
MDW,ROC,25
PHX,SGU,25
ORD,BTR,25
SMF,GEG,25
PDX,FAT,25
DTW,SJC,25
IAD,PNS,24
GJT,IAH,24
CLT,HHH,24
ANC,IAH,24
DEN,LGB,24
CVG,SNA,24
OKC,CLT,24
MCO,JAX,24
MEI,PIB,24
IAH,SRQ,24
DCA,TYS,24
TPA,ORF,24
SMF,CLT,24
CLT,SMF,24
LEX,CLE,24
ITO,LAX,24
MDW,SNA,24
BUR,ONT,24
JAN,CLT,24
MSN,MEM,24
BHM,DCA,24
BGR,PVD,24
EVV,MEM,24
PHL,TYS,24
MFE,ATL,24
ERI,ORD,24
BGM,CVG,24
MDT,STL,24
JAC,LAX,24
GPT,FLL,24
SFO,OKC,24
SBA,PDX,24
EGE,LAX,24
DSM,CLT,24
JAC,MSP,24
SCK,LAX,24
JFK,ONT,24
DLH,DTW,24
FLL,SEA,24
COS,IAD,24
SLC,TPA,24
ACT,IAH,24
STL,MDT,24
LGA,CRW,24
ABE,IAD,24
DFW,ANC,24
HPN,DCA,24
PHX,LBB,24
MYR,PIT,24
DAL,PDX,24
ORH,PHL,24
SHV,BTR,24
TUL,LAX,23
BZN,LAX,23
MSP,JAC,23
MIA,MCI,23
JAC,ATL,23
SRQ,IND,23
DEN,KOA,23
SFO,ASE,23
LAS,JAX,23
FNT,PIT,23
CMI,CVG,23
CLE,SLC,23
MSN,PHL,23
CLE,GRB,23
CAK,MKE,23
MQT,GRB,23
CHS,CAE,23
FAR,DFW,23
MIA,TYS,23
BWI,ILM,23
DCA,GSP,23
FNT,BWI,23
MKE,CAK,23
ACY,CVG,23
FLL,ORH,23
ROR,GUM,23
PIT,SJU,23
PHL,HVN,23
HSV,MCO,23
GSP,HOU,23
AUS,MCI,23
EWR,CAK,23
MCI,MHT,23
GSO,BNA,23
CMH,DAL,23
BTV,CVG,23
LFT,MEM,23
HNL,IAD,23
AUS,PDX,23
STL,SUX,23
EWR,SBN,23
MSY,PNS,23
ORF,TPA,23
KOA,SJC,23
IND,SRQ,23
STL,BUR,23
DCA,CAE,23
ATL,MFE,23
MLI,MEM,23
HSV,MLU,23
AGS,SAV,23
SJC,LIH,22
APN,DTW,22
IAH,ACT,22
ACY,MYR,22
MAF,LBB,22
LWB,ATL,22
AVP,ABE,22
GSO,ILM,22
EYW,MCO,22
SNA,JFK,22
CVG,SHV,22
BUF,DFW,22
ATL,HTS,22
MCI,MIA,22
ORF,MSP,22
TPA,GPT,22
DSM,SLC,22
SLC,BFL,22
STX,EWR,22
ROP,GUM,22
MEM,MFE,22
MKE,DAL,22
PWM,CLE,22
BDL,PHX,22
DFW,CSG,22
DAL,CLT,22
LAX,BZN,22
CAE,DCA,22
MFR,PHX,22
SLC,ELP,22
ATW,MKE,22
CVG,ACY,22
FAT,VIS,22
FAR,FSD,22
RIC,DEN,22
ILM,BWI,22
OMA,DAL,22
MEI,DFW,22
SEA,OMA,22
SAV,PHL,22
SAF,PHX,22
XNA,CLT,22
ACY,TPA,22
SAN,OMA,22
BIS,SLC,22
LAS,FNT,22
PIA,DEN,22
JAX,MCO,22
ECP,MCO,22
MCI,SAT,22
DAL,SNA,22
IAH,CHA,22
AUS,DCA,22
HOU,PIT,22
PIT,MYR,22
TOL,STL,21
TPA,ACY,21
MCO,PWM,21
PVD,BGR,21
CHS,MEM,21
MCO,LBE,21
VIS,FAT,21
SFO,STS,21
LIH,SAN,21
ORH,FLL,21
SAT,MIA,21
APF,ATL,21
SEA,IND,21
ISP,LAS,21
TYS,MSP,21
ATL,ANC,21
MSY,RDU,21
DEN,RIC,21
CLE,PWM,21
PDX,PHL,21
DAY,TOL,21
ISP,CVG,21
BTR,ORD,21
SJC,SMF,21
GEG,PSC,21
GCN,FLG,21
SFO,OAK,21
LNK,ATL,21
CHS,GSP,21
ABE,BWI,21
BNA,SJU,21
PHL,ORH,21
IAD,RSW,21
FAI,JNU,21
MDW,FNT,21
SRQ,PBI,21
PHX,PUB,21
BOI,PSC,21
PNS,HOU,21
ACV,LAX,21
DFW,MEI,21
AVL,BWI,21
MSP,LEX,21
SDF,RDU,21
DAY,MDW,21
STL,JAN,21
BWI,OAJ,21
SLC,XNA,21
FLL,GPT,21
SNA,MDW,21
MDW,GSO,21
BOS,SRQ,21
TPA,GRR,21
DEN,PUB,21
BTR,BHM,21
DAL,MKE,21
FNT,MDW,21
LAX,TUL,21
IAD,MYR,21
STL,GRR,21
DAL,OMA,21
CVG,BGM,21
TYS,MCO,21
ATL,HDN,20
ORD,MYR,20
MKE,ATW,20
RNO,LGB,20
HNL,BLI,20
DFW,AGS,20
LGA,BDL,20
RAP,CPR,20
DEN,BKG,20
CID,CLT,20
MSP,TYS,20
SGF,IAH,20
PUB,DEN,20
ANC,DFW,20
JFK,SNA,20
KOA,DEN,20
ROW,PHX,20
GRR,RSW,20
MEM,FSM,20
SJU,LAX,20
FCA,HLN,20
SLC,MRY,20
SAT,ONT,20
IAD,SCE,20
DAL,BOS,20
DCA,JAN,20
SNA,RNO,20
TPA,SRQ,20
MKE,SLC,20
TTN,ATL,20
MDT,MCO,20
CLE,SAT,20
JAX,MDW,20
HVN,PHL,20
BGR,JFK,20
MOB,ORD,20
BOS,DAL,20
ATL,TUP,20
JFK,MVY,20
HVN,CVG,20
OMA,SAN,20
IAD,STT,20
ALO,MSP,20
PHL,MSN,20
AVL,FLL,20
GSP,DCA,20
MYR,ACY,20
MIA,PBI,20
JAX,CLE,20
BGM,IAD,20
TUS,SJC,20
DFW,BOI,20
PHL,CAK,20
MSP,ALB,20
STS,PHX,19
GSO,CHS,19
BUF,RSW,19
MIA,SAV,19
VPS,CVG,19
PHX,LNK,19
CVG,MLI,19
AMA,LBB,19
DCA,HPN,19
LGB,RNO,19
LAX,BUF,19
ALB,MSP,19
SJU,CLE,19
DFW,ECP,19
OKC,IAD,19
SWO,DFW,19
TYS,DCA,19
DFW,CYS,19
SHV,MOB,19
IND,BDL,19
MLI,OMA,19
YUM,IPL,19
DEN,BFF,19
GSO,MDW,19
PHX,CLD,19
CLT,HOU,19
ADK,ANC,19
ORD,MOB,19
GRB,MQT,19
CLT,DAL,19
PHL,DSM,19
CAK,PHL,19
HDN,ATL,19
DAL,ECP,19
PHL,DAL,19
BUR,STL,19
FNT,RSW,19
MGM,IAH,19
SMF,BWI,19
JMS,DEN,19
DFW,FAR,19
CAK,DCA,19
ORF,GSO,19
ORD,FCA,19
HPN,HVN,19
SAN,LIH,19
ILE,IAH,19
DEN,OGG,19
JAN,MLU,19
ATL,JAC,19
MEM,IAD,19
HTS,ATL,19
DSM,EWR,19
EWR,DSM,19
MEM,PBI,19
CLT,BTV,19
MLI,MCO,18
DET,BNA,18
COS,SAN,18
SBA,BFL,18
COS,SEA,18
RKS,GCC,18
LAX,SJU,18
SLC,DAL,18
LAX,EGE,18
MFR,EUG,18
CVG,ISP,18
MSP,PIA,18
RDU,MSY,18
PNS,MSY,18
MSN,DCA,18
DAL,DTW,18
RNO,DTW,18
DTW,ORH,18
MOD,LAX,18
DEN,SBP,18
STT,BOS,18
FLL,CHS,18
MEM,CHS,18
MEM,LBB,18
DAL,SMF,18
PHX,ROW,18
PHL,EWR,18
TUS,PDX,18
BTR,PNS,18
ABQ,ONT,18
ABQ,AUS,18
BMI,MSP,18
BWI,AVP,18
ICT,MDW,18
ISP,RSW,18
PMD,LAS,18
BTV,CLT,18
TUS,ELP,18
MYR,ORD,18
TTN,RDU,18
MHT,MCI,18
ISO,BWI,18
BHM,SHV,18
SBP,DEN,18
SYR,MSP,18
PIT,SLC,18
PHX,BDL,18
PHL,CAE,18
BOI,DFW,18
RFD,DEN,18
ROA,LGA,18
TLH,FLL,18
CRW,DCA,18
SWF,IAD,18
BUR,DAL,18
DAL,IND,18
LBE,MCO,18
CVG,CMI,18
DEN,RFD,18
SBN,EWR,18
FSD,SLC,18
MCI,JFK,18
JAC,SFO,18
SJU,PIT,18
MDW,ICT,18
DAL,BUR,18
FLL,DAY,18
ATL,TTN,18
KOA,ORD,18
BHM,PIT,18
HHH,CLT,18
LBE,FLL,18
ECP,DAL,17
PHL,SMF,17
ONT,BUR,17
DFW,SWO,17
IAD,SWF,17
DAL,PHL,17
SHV,CLT,17
EAU,MSP,17
SAV,MIA,17
ACK,EWR,17
MIA,EGE,17
MLU,BHM,17
IAD,HNL,17
LAX,HDN,17
JFK,RNO,17
JFK,MCI,17
OAK,EWR,17
PHX,MHT,17
ROC,MDW,17
ATL,ISO,17
MCO,EYW,17
PHF,IAD,17
CLT,FWA,17
SAN,PSP,17
GSP,BNA,17
EGE,MIA,17
DEN,DIK,17
IAD,MEM,17
ICT,OKC,17
DIK,MSP,17
PWM,MCO,17
IAH,ILE,17
DAL,ONT,17
MSN,SLC,17
PIE,RDU,17
MSP,BMI,17
BUR,LGB,17
FLL,STT,17
OMA,HOU,17
MSP,DIK,17
CLT,TUL,17
PHX,SAF,17
MEM,MSN,17
DCA,MSN,17
SFO,JAC,17
MEM,SJU,17
CPR,RAP,17
CLT,SHV,17
MSY,GSP,17
MEM,LFT,17
ECP,STL,17
DFW,BUF,17
SJC,SFO,17
SJC,BWI,17
MTJ,ORD,17
ANC,DTW,17
SFO,XNA,17
MCO,BTV,17
HSV,BWI,17
GPT,CLT,17
MKE,FNT,17
RDU,PIE,17
GUM,ROP,17
SJU,BNA,17
ONT,AUS,17
FAY,BWI,17
MIA,SAT,17
DAL,PIT,17
IND,SEA,17
TYS,MIA,16
CLE,SJU,16
MKE,SAN,16
SGF,LIT,16
BTR,CVG,16
HNL,SNA,16
DAL,RDU,16
SAT,RDU,16
OMA,MLI,16
HOU,SEA,16
PNS,IAD,16
KOA,SNA,16
SAN,GEG,16
ONT,TUS,16
DAY,SFO,16
DCA,PNS,16
SAN,MRY,16
ORH,JFK,16
MDT,BOS,16
DAL,CMH,16
ATL,PSP,16
HYS,SLN,16
MKE,GRR,16
CHA,IAH,16
PIT,SMF,16
FWA,CLT,16
BNA,GSP,16
FCA,ORD,16
FLL,SYR,16
BHM,MOB,16
KOA,PDX,16
DCA,BHM,16
CAE,MEM,16
MEM,CAE,16
RSW,TTN,16
SNA,AUS,16
PBG,FLL,16
OAK,TUS,16
MYR,LBE,16
DEN,CNY,16
CMH,DAY,16
FLL,AVL,16
TYS,PHL,16
LIH,PDX,16
PHL,SAV,16
BLI,HNL,16
CLE,ISP,16
GRR,STL,16
ORD,ART,16
CAE,BWI,16
GJT,DRO,16
ELM,SYR,16
FLL,TTN,16
CLT,CID,16
MSP,MQT,16
STT,FLL,16
DCA,ISP,16
BWI,HSV,16
SYR,DFW,16
ORD,CGI,16
ORH,DTW,16
STT,IAD,16
SLC,HDN,16
IAH,ABI,15
CVG,BTR,15
GRB,MKE,15
PHL,BHM,15
CHS,DAL,15
DFW,DRT,15
OAK,PHL,15
GSP,MSY,15
ECP,CLT,15
MYR,FLL,15
HOU,BKG,15
ORD,MTJ,15
IAH,MGM,15
FSD,MLI,15
PIT,MSN,15
DTW,DAL,15
CRW,DTW,15
IAH,AGS,15
SFO,TPA,15
EWR,ACK,15
ABE,AVP,15
SEA,HOU,15
CVG,TLH,15
CHS,SEA,15
MSY,MKE,15
MSP,SYR,15
CHS,GSO,15
OKC,ICT,15
EYW,CLT,15
CMX,MSP,15
RSW,FNT,15
LIH,SJC,15
FNT,LAS,15
DSM,DCA,15
PBI,TTN,15
DAL,SLC,15
DAY,GSO,15
OAK,CMH,15
LBB,MEM,15
PWM,MHT,15
BIS,FSD,15
CVG,HVN,15
PDX,AUS,15
JAN,DTW,15
FLG,GCN,15
LIH,KOA,15
BZN,SEA,15
SGF,DTW,15
BWI,BTV,15
SEA,CHS,15
BGR,DCA,15
SJU,MEM,15
PVD,DEN,15
DAY,FLL,15
TOL,CLT,15
IAH,GJT,15
SYR,FLL,15
CLT,GPT,15
ANC,ATL,15
EWR,OAK,15
CVG,HNL,15
LAN,ATL,15
BWI,FAY,15
DEN,VEL,15
CAE,GSO,15
GRB,CLE,15
SNA,BUR,15
TRI,ORD,14
MCI,MLI,14
SRQ,MEM,14
RHI,IMT,14
ATL,BZN,14
ITH,SYR,14
MSP,ALO,14
HDN,LAX,14
PHL,OKC,14
SLC,OGG,14
ANC,ADK,14
RDU,TTN,14
ABQ,SAT,14
FLL,LBE,14
IAH,SJT,14
FAT,PDX,14
SLC,VEL,14
MSP,ORF,14
DSM,PHL,14
TLH,DCA,14
BGR,MHT,14
DTW,TTN,14
SLC,BLI,14
PNS,CVG,14
MCO,ECP,14
RDU,SAT,14
FAY,DFW,14
HNL,CVG,14
MEM,LEX,14
LBE,MYR,14
DFW,SRQ,14
SCE,IAD,14
ATL,MTJ,14
MKE,MSY,14
ANC,LAS,14
OGG,SNA,14
MRY,SLC,14
DEN,EAR,14
CHA,EWR,14
JFK,EGE,14
IAH,VCT,14
BRW,SCC,14
AGS,CAE,14
ONT,SBA,14
TUP,ATL,14
DFW,ROC,14
OAK,SFO,14
OAK,STL,14
MEM,ECP,14
TUS,ONT,14
ICT,PIT,14
DVL,JMS,14
FLL,USA,14
ABQ,COS,14
LBF,DEN,14
GRR,TPA,14
TUL,MDW,14
AVL,MCO,14
DEN,SAF,14
IPL,YUM,14
PHF,CVG,14
PHX,TEX,14
OGG,ORD,14
ALB,LGA,14
SLC,YKM,14
TUL,ABQ,14
PIE,AVL,14
COS,ABQ,14
SAF,DEN,14
PDX,TUS,14
STL,OGG,14
CLT,PIA,14
DIK,DEN,14
MCO,PDX,14
PDX,HOU,14
LEX,MSP,14
DRO,GJT,14
ORD,BIL,14
GSP,GSO,14
BFF,DEN,14
TXK,IAH,14
MSP,EAU,14
MHT,PHX,14
TVC,MQT,14
FNT,MKE,14
LNK,FSD,14
DFW,SUX,14
ISO,ATL,14
ATL,RNO,14
LSE,DTW,14
MYR,CLE,13
BNA,LEX,13
SJC,KOA,13
PDX,OTH,13
MKE,RDU,13
SJC,BOI,13
OAK,SMF,13
GSO,GSP,13
RDU,SDF,13
JFK,GSO,13
OMA,LAX,13
LGB,DEN,13
STL,TOL,13
SAV,DCA,13
PLN,APN,13
STL,ECP,13
CHS,DEN,13
ABI,IAH,13
BWI,ABE,13
DFW,SYR,13
SAN,OKC,13
IAH,GUC,13
TPA,SYR,13
UIN,ORD,13
ILM,GSO,13
SLC,MKE,13
ASE,PHX,13
TUL,IAD,13
SUN,SFO,13
APN,PLN,13
ORD,MSO,13
PHL,ISP,13
GSO,ORF,13
SJC,OAK,13
IND,DAL,13
BWI,SJC,13
SLC,CLE,13
SMF,PHL,13
IMT,RHI,13
RSW,GRR,13
BOS,ACK,13
SRQ,MIA,13
GRR,PHL,13
HDN,SLC,13
LAN,IAD,13
HOU,OMA,13
BZN,DFW,13
SNA,OGG,13
BIS,DFW,13
CLT,EVV,13
SJU,MSP,13
TUS,OAK,13
TTN,RSW,13
RNO,SMF,13
MEI,ORD,13
ONT,GEG,13
SAT,TUS,13
DEN,LFT,13
BKG,DEN,13
MCO,AVL,13
PIB,DFW,13
LAX,ACV,13
CRW,MCO,13
EYW,EWR,13
STS,LAX,13
RNO,ATL,13
PHL,BGR,13
CVG,PGD,13
MQT,TVC,13
MMH,SFO,13
ICT,CVG,13
MYR,DFW,13
RDM,PHX,13
SJU,MDW,13
BWI,DCA,13
IAD,PHF,13
STX,PHL,13
BWI,CAE,13
RIC,GSO,13
PNS,DCA,13
DFW,GEG,13
FLL,PBG,13
SHV,CVG,13
TEX,PHX,13
MDW,SJU,13
XNA,DCA,13
MSP,MHT,13
DVL,DEN,13
GSO,FLL,13
DAY,JFK,12
EYW,TPA,12
IAH,TXK,12
VPS,BLV,12
TTN,CLT,12
SMF,TUS,12
SFB,ABE,12
SBN,CLT,12
SFO,OMA,12
MKE,DAY,12
SMF,BOI,12
SAN,MKE,12
GSO,JFK,12
EWR,CHA,12
CHA,DCA,12
ELM,ORD,12
ONT,OMA,12
AGS,DFW,12
LAS,OGG,12
HKY,ATL,12
DAB,CVG,12
MSN,PIT,12
MFE,MEM,12
DEN,ALB,12
TTN,PBI,12
DCA,BGR,12
DCA,GRR,12
MSN,CLT,12
STS,SFO,12
ORD,ELM,12
DCA,LIT,12
MGM,CLT,12
PIT,OMA,12
DTW,LSE,12
SJU,HOU,12
OKC,SAN,12
PSP,TUS,12
JAX,ISP,12
EUG,SEA,12
CMI,STL,12
TTN,DTW,12
DAB,JFK,12
BWI,ISO,12
FAI,DEN,12
TPA,SWF,12
EYW,ORD,12
PDX,KOA,12
GRR,SFB,12
GSO,CAE,12
SEA,COS,12
CVG,ICT,12
ECP,MEM,12
VEL,SLC,12
ABQ,TUL,12
BGR,PHL,12
PBI,ACY,12
UCA,SYR,12
SFO,MMH,12
VEL,DEN,12
SLC,FSD,12
ELP,STL,12
PHX,STS,12
BDL,MKE,12
OGG,STL,12
LNK,PHX,12
GEG,ONT,12
SEA,RDM,12
BHM,IAD,12
PBI,MEM,12
DAL,HRL,12
PIT,DAL,12
BOS,MDT,12
HSV,LIT,12
MEM,MLU,12
ORD,UIN,12
BKG,MDW,12
DFW,BIS,12
PIT,TTN,12
RST,DTW,12
ONT,ABQ,12
BZN,ATL,12
APF,TPA,12
PHL,OMA,12
DCA,BTR,12
ISP,CLE,12
CLT,ECP,12
SJT,IAH,12
BDL,MYR,12
ANC,STL,12
DEN,PAE,12
DEN,LIH,12
SAT,FLL,12
TTN,TPA,12
SWF,CLT,12
TUS,SNA,12
ISP,DCA,12
CID,SUX,12
XNA,SFO,12
ONT,SAT,12
PHF,DEN,12
AUS,ONT,12
SFO,PMD,11
ORD,ORH,11
OMA,LNK,11
KOA,LIH,11
JFK,DAB,11
GEG,BIL,11
MEM,SRQ,11
PVD,PBI,11
MKE,BDL,11
ONT,DAL,11
CVG,MGM,11
SEA,EUG,11
AZO,ATL,11
DFW,AVL,11
GEG,SAN,11
FLL,MHT,11
GEG,DFW,11
SAT,ABQ,11
PVD,PWM,11
ONT,TUL,11
BUF,LAX,11
GRB,MSN,11
SNA,ONT,11
YKM,SLC,11
MCO,MLI,11
SMF,PIT,11
MHT,MSP,11
PSP,SAN,11
ILM,CVG,11
PHX,FSD,11
GSO,MSY,11
CLE,SRQ,11
BWI,SMF,11
MCO,CAE,11
MCO,LEX,11
IAD,LAN,11
JAN,PNS,11
SFO,DAY,11
ITO,KOA,11
MRY,SAN,11
MDW,TTN,11
ART,ORD,11
CLT,SBN,11
LAS,FSD,11
ABE,SFB,11
PAE,SFO,11
BFL,SBA,11
ILG,ATL,11
IAD,COS,11
CVG,VPS,11
MCI,SJC,11
COU,MEM,11
CVG,PNS,11
MKE,GRB,11
ORH,EWR,11
EUG,SJC,11
DCA,LAN,11
HOU,SJU,11
ATL,LAW,11
ORF,DEN,11
SYR,ALB,11
CLT,TTN,11
LGA,ALB,11
RNO,JFK,11
JAX,PBI,11
FLL,SAN,11
LGB,SBA,11
LEX,STL,11
CVG,DAB,11
GPT,MOB,11
ATL,LNK,11
BUR,ATL,11
ORD,TTN,11
LAX,ICT,11
HSV,EWR,11
TUL,SAT,11
HOU,CMH,11
PHX,RDM,11
TUS,PSP,11
BHM,PHL,11
CKB,ORD,11
IAD,SRQ,11
SMX,SFO,11
SLN,HYS,11
ATL,BUR,11
IAD,TUL,11
ASE,ATL,11
MQT,MSP,11
IAD,PBG,11
SEA,BZN,11
SBN,DFW,11
LAX,SAF,11
EWR,TUS,11
DFW,FAY,11
DTW,RST,11
DEN,PHF,11
BTV,MCO,10
CMH,OAK,10
MLU,MEM,10
CHO,DTW,10
SFO,PAE,10
GSO,RIC,10
PIE,CVG,10
MDW,CAK,10
STX,RDU,10
SLC,MTJ,10
GSP,CHS,10
SUX,CID,10
SAN,BFL,10
PSP,OAK,10
ECP,DFW,10
DAY,MKE,10
MTJ,SLC,10
SJC,CVG,10
MCO,STT,10
IAG,FLL,10
SHD,IAD,10
LYH,CHO,10
HNL,PPG,10
SAT,SMF,10
BIL,ORD,10
SAN,SNA,10
MSP,OAK,10
LAS,ANC,10
OGG,IAH,10
ONT,MRY,10
XNA,SLC,10
CHS,MCO,10
SUN,DEN,10
TUL,CLT,10
ATL,LAN,10
ANC,OGG,10
PIT,ICT,10
ALB,DEN,10
ATL,ILG,10
OMA,ONT,10
IPL,SAN,10
JAN,GPT,10
SJU,JAX,10
TUS,JFK,10
AVL,MSP,10
PDX,MCO,10
LAS,MFE,10
BQN,MIA,10
LIT,DCA,10
TTN,FLL,10
OAJ,BWI,10
ISP,PHL,10
CMH,HOU,10
OAK,MSP,10
DTW,LNK,10
CLE,BHM,10
OMA,PIT,10
ORD,SHV,10
PHL,OAK,10
TPA,SFO,10
TPA,TTN,10
CMH,CAK,10
MQT,MKE,10
OKC,SEA,10
KOA,SAN,10
ONT,COS,10
PIE,GRR,10
LGB,MRY,10
MBS,CLE,10
ICT,DTW,10
LGB,BUR,10
BWI,FNT,10
BOI,SJC,10
RIC,ROA,10
PDX,BWI,10
DCA,CAK,10
LIT,HSV,10
DFW,MDT,10
PHL,GRR,10
MDW,PBI,10
BDL,IND,10
RDU,STT,10
MEM,COS,10
CVG,ILM,10
LAS,EUG,10
BIL,DFW,10
DAL,CHS,10
GSP,TPA,10
FSD,BIS,10
SYR,ITH,10
MSO,ORD,10
DFW,MSO,10
TUS,SMF,10
SFO,SUN,10
SMF,AUS,10
JAX,SJU,10
SMF,RNO,10
ONT,ELP,10
TTN,ORD,10
SAN,FLL,10
OKC,MCO,10
TPA,TYS,10
MDT,MSP,10
FLL,IAG,10
PGV,CLT,10
SYR,ELM,10
STX,ATL,10
LGA,ROA,10
SFO,BDL,10
ORD,EYW,10
TPA,EYW,10
CYS,DFW,10
SNA,TUS,10
MYR,BDL,10
JFK,ORH,10
SFB,TYS,10
EWR,EYW,10
MLI,SUX,10
RDM,SEA,9
DEN,LBL,9
LWB,ORD,9
CLE,MYR,9
SLC,MIA,9
IND,PGD,9
MIA,BQN,9
PHX,MLI,9
FAT,LGB,9
MHT,BGR,9
MIA,APF,9
DCA,TLH,9
SJC,HOU,9
MVY,JFK,9
AZA,PVU,9
GRB,ATW,9
MDW,BKG,9
EWR,SMF,9
TUS,EWR,9
SAN,KOA,9
DFW,SBN,9
MDT,DFW,9
BLI,SLC,9
PBG,IAD,9
HIB,INL,9
LAS,MFR,9
ABQ,EWR,9
BOS,TTN,9
EVV,CLT,9
BOI,ONT,9
DAL,JAX,9
PBI,MDW,9
RDU,MKE,9
JFK,PNS,9
SNA,KOA,9
SJC,MCI,9
CLE,LAN,9
SFO,SMX,9
MSP,CIU,9
CVG,SJC,9
MYR,IAG,9
EAR,DEN,9
PDX,OMA,9
CPR,BIS,9
ALB,BTV,9
ORD,GUC,9
CWA,MKE,9
MFE,AUS,9
BNA,DSM,9
EGE,JFK,9
ORD,STT,9
MEM,SAV,9
DSM,BNA,9
SLC,DRO,9
JAX,GSO,9
SJU,PBI,9
MSN,SFO,9
RDM,MFR,9
IMT,DTW,9
EWR,HSV,9
JFK,MLB,9
SGF,MSP,9
CMH,SLC,9
LFT,BTR,9
LBL,DEN,9
MCI,CMH,9
BIL,GEG,9
MSP,BHM,9
DEN,SUN,9
ROA,RIC,9
EWR,AGS,9
MHT,DEN,9
TTN,BOS,9
MQT,MSN,9
PIT,UCA,9
FSD,LAS,9
ATL,STX,9
IAD,BHM,9
ALB,ROC,9
TUS,CLT,9
FLL,OAK,9
CVG,PHF,9
IAD,CKB,9
BTV,ALB,9
TYS,SFB,9
CAE,PHL,9
MSP,SJU,9
BTV,BWI,9
CID,IAH,9
CLE,SAV,9
AZA,CID,9
MSP,IDA,9
COS,ICT,9
MCO,MLB,9
BTR,LFT,9
MSO,DFW,9
ANC,BRW,9
PIE,LAX,9
LAS,MRY,9
FNT,PGD,9
TLH,CVG,9
TPA,MLB,9
PMD,SFO,9
ICT,LAX,9
YKM,PSC,9
DTW,IMT,9
CLE,CAK,9
STL,OAK,9
ACK,BOS,9
COS,DTW,9
LWB,IAD,9
BZN,PDX,9
SAN,MEM,9
LEX,MEM,9
PIA,CLT,9
GSO,DAY,8
DCA,BWI,8
PSE,EWR,8
CVG,MOB,8
HOU,SJC,8
EUG,MFR,8
MSP,SGF,8
STC,ORD,8
DEN,FAI,8
BDL,SFO,8
ORD,JLN,8
DEN,BUF,8
MCO,COS,8
IAH,MDW,8
SAN,IPL,8
DRO,SLC,8
TPA,CHS,8
AMA,PHX,8
MIA,TUL,8
CGI,PAH,8
HSV,TPA,8
PIE,LCK,8
ATL,GUC,8
SWF,BGR,8
MRY,LAS,8
COU,ATL,8
IND,DAY,8
MLB,JAX,8
PDX,BZN,8
SGF,SFB,8
STX,CLT,8
PGD,GRR,8
TUS,AUS,8
AGS,EWR,8
CRW,HTS,8
COS,MCI,8
JAC,EWR,8
SMF,EWR,8
DFW,GNV,8
PVU,AZA,8
DEN,LBF,8
PHL,ABE,8
BDL,LGA,8
PHL,MDT,8
OAK,FLL,8
STL,CMI,8
ORD,CKB,8
EGE,SFO,8
MEM,COU,8
SAV,GSP,8
MKE,IAD,8
SAN,COS,8
OMA,MIA,8
DCA,ILM,8
JFK,PSP,8
UIN,CGI,8
SBP,SLC,8
MSN,GRB,8
LEX,MCO,8
KOA,ITO,8
DFW,TVC,8
ISP,JAX,8
DEN,ATW,8
SEA,OKC,8
DEN,GSP,8
GCN,PHX,8
ATL,AZO,8
GUC,IAH,8
RSW,MCI,8
OAK,PSP,8
DFW,BZN,8
SFB,DSM,8
BZN,EWR,8
MSP,TTN,8
MLB,RSW,8
HOU,IAD,8
LAS,SCK,8
PPG,HNL,8
DCA,SAV,8
MRY,ONT,8
LAX,MMH,8
GEG,MDW,8
CRW,PHL,8
SFB,LEX,8
DEN,MHT,8
AUS,SMF,8
EWR,COS,8
FAT,SCK,8
COU,DEN,8
COS,ONT,8
FAR,AZA,8
ACV,SLC,8
MOB,BHM,8
CMH,MCI,8
DEN,ORF,8
LIT,ICT,8
SAN,TPA,8
IAD,TUS,8
ORD,MEI,8
SHV,DTW,8
OMA,TUL,8
DFW,PVD,8
ABE,PHL,8
SFO,IDA,8
LAS,FAR,8
CLT,PGV,8
TYS,PIE,8
ELP,ONT,8
JAX,MLB,8
LIT,MSP,8
SFO,MSN,8
ABQ,OKC,8
SJC,GEG,8
USA,PIE,8
PUB,PHX,8
MCO,CHS,8
DLG,AKN,8
IAD,SHD,8
CLD,PHX,8
IAD,DAB,8
HTS,CRW,8
MSN,MCI,8
CLT,TUS,8
MHT,BTV,8
DCA,MGM,8
OMA,PDX,8
DCA,ICT,8
BGR,ORD,8
MKE,MQT,8
SLC,ACV,8
PIE,USA,8
COS,MEM,8
MKE,HOU,8
ABQ,SMF,8
AVP,BWI,8
CKB,IAD,8
SMF,COS,8
AZA,FSD,8
CLE,MBS,8
MSP,AVL,7
SLC,CNY,7
DTW,TRI,7
SBP,LAS,7
STS,SAN,7
FNT,SFB,7
DFW,PIB,7
TYS,FLL,7
SAV,CLE,7
CRP,SAT,7
ERI,ITH,7
SFB,IAG,7
ATL,ASE,7
ICT,DCA,7
CNY,DEN,7
EWR,ORH,7
PIT,DSM,7
EWR,JAC,7
PIE,PIT,7
ORD,TRI,7
BLI,OAK,7
BOS,BUR,7
DEN,TVC,7
IND,SFB,7
LAX,STS,7
LIT,OKC,7
COS,SMF,7
MSP,CMX,7
CVG,SJU,7
SFB,USA,7
CAE,TPA,7
DEN,GFK,7
SAV,MEM,7
DCA,OKC,7
SYR,UCA,7
PRC,DEN,7
DCA,SRQ,7
HOU,BUR,7
EWR,HDN,7
FLL,GSO,7
FLL,CAK,7
TUL,SAN,7
CAK,MDW,7
SEA,YKM,7
HNL,LGB,7
TUL,OMA,7
FAT,ONT,7
SAV,BWI,7
EYW,DFW,7
PHX,SUX,7
FNT,FLL,7
HOU,MKE,7
MCI,TUS,7
MCI,JAX,7
DAB,IAD,7
KSM,ANC,7
LGA,TVC,7
PDX,LIH,7
MCO,OKC,7
MCO,DSM,7
OKC,PHL,7
CHO,ROA,7
LAX,OMA,7
DFW,SBP,7
FSD,PHX,7
DEN,PVD,7
OKC,ONT,7
ONT,FAT,7
JFK,TUS,7
AEX,GTR,7
AUS,SNA,7
SLC,PIT,7
AMA,MAF,7
EUG,LAS,7
PIE,MEM,7
OGG,BLI,7
CHO,RIC,7
DFW,CRW,7
SBA,ONT,7
MDW,IAH,7
BNA,DET,7
DCA,EYW,7
TLH,JFK,7
MDW,TUL,7
GSO,MSP,7
SNA,HNL,7
FNT,PIE,7
MSN,MCO,7
DTW,HNL,7
MSP,PBI,7
CHA,LGA,7
SMF,DTW,7
STL,ANC,7
CVG,SFB,7
MSP,MDT,7
PRC,LAX,7
PUB,LBL,7
MSP,APN,7
SUX,DFW,7
DTW,FSD,7
MYR,DCA,7
LAN,CLE,7
PSC,PDX,7
SFB,AVL,7
AUS,MFE,7
RIC,CHO,7
MTJ,EWR,7
LIH,DEN,7
LAX,SUN,7
BOI,SMF,7
SMF,SAT,7
BIS,LAS,7
TTN,PIT,7
TUL,MIA,7
DEN,CHS,7
MKE,CWA,7
DCA,SAN,7
SCC,FAI,7
EGE,PHX,7
FLL,SAT,7
ORH,ORD,7
TPA,CAE,7
DFW,MYR,7
APN,MSP,7
COS,MCO,7
DRT,IAH,7
DFW,YUM,7
BTR,SHV,7
FLL,ABE,7
AUS,TUS,7
ACK,DCA,7
SDF,RIC,7
MSY,GSO,7
ILM,PHL,7
ATW,GRB,7
ONT,BOI,7
CRW,DFW,7
PVD,DFW,7
OMA,MCO,7
ITH,ERI,7
BKG,HOU,7
AZA,RAP,7
JLN,ORD,7
DTW,CHO,7
AZO,GRB,7
CHS,TPA,7
IAD,MKE,7
IAH,OGG,7
PHF,FLL,7
BKG,DAL,7
LGB,FAT,7
OKC,DCA,7
MCO,ONT,7
SJC,PIT,7
FWA,PGD,7
SFB,SGF,7
SBA,LGB,7
HOU,PDX,7
MSN,MQT,7
MWH,SEA,7
LWB,LGA,7
STL,ELP,7
STL,LEX,7
OGS,ORD,7
BGM,ELM,7
ELM,BGM,7
DSM,PIT,7
IAH,JAC,7
MCI,ONT,7
BWI,PDX,7
OMA,PHL,7
MFR,RDM,7
LEX,PGD,7
EWR,BZN,7
CLT,FNT,7
BUR,BOS,7
ADK,AKN,6
PSP,JFK,6
EYW,MSY,6
PHL,ILM,6
ERI,ATL,6
LAX,RDD,6
DFW,TRI,6
PGD,MDT,6
TTN,CHS,6
ONT,LGB,6
TUS,RNO,6
GUC,ATL,6
PGD,AVL,6
SWF,PBI,6
PIE,DAY,6
BIL,HLN,6
PGD,CVG,6
RAP,AZA,6
LGB,ANC,6
TPA,APF,6
LEX,FLL,6
ALO,STL,6
DCA,VPS,6
ELM,SFB,6
TVC,DEN,6
MCO,OMA,6
JFK,UCA,6
EWR,HPN,6
BHM,RDU,6
SAN,DCA,6
CAK,CLE,6
GPT,JAN,6
MEI,LFT,6
PGD,DAY,6
SGF,SLC,6
TUS,SAT,6
MSP,HRL,6
TVC,LGA,6
BGR,ATL,6
CAK,CMH,6
BDL,PWM,6
FLL,RSW,6
IAH,CID,6
MSY,EYW,6
MIA,SJC,6
MHT,FLL,6
MIA,GSP,6
SDF,MCI,6
MLB,DCA,6
MSO,SFO,6
TVL,SFO,6
PHL,PNS,6
PIR,DEN,6
SEA,MSO,6
LAS,YUM,6
LAS,MLI,6
HNL,DTW,6
PAH,CGI,6
SFB,GRR,6
SBP,SJC,6
FCA,BIL,6
FLL,TYS,6
LGB,SAN,6
ROC,FLL,6
SLC,LIT,6
MSP,LIT,6
JFK,TLH,6
DFW,ILM,6
BMI,PIE,6
MSN,LAS,6
STL,HDN,6
EWR,AVP,6
CVG,TVC,6
TTN,MSP,6
SFB,CVG,6
MIA,SLC,6
MDW,ILG,6
CAE,MCO,6
EWR,FWA,6
PHX,ASE,6
DCA,MYR,6
SEA,MWH,6
MCO,SJC,6
HDN,STL,6
DTW,SGF,6
OKC,AUS,6
PIE,LAS,6
MDT,DEN,6
PIE,PIA,6
ORF,MEM,6
SJU,CVG,6
FWA,EWR,6
GRR,LAS,6
RDU,ILM,6
ACY,DTW,6
MFR,LAS,6
SJC,EUG,6
MCI,COS,6
PIA,CMI,6
IND,GRR,6
USA,SFB,6
BOS,ALB,6
MDW,GEG,6
RNO,TUS,6
ILM,DCA,6
EUG,AZA,6
DAY,IND,6
EAU,CWA,6
SAN,TUL,6
DTW,ICT,6
RSW,DAY,6
SAN,STS,6
GSP,MIA,6
MEM,SAN,6
PIE,DSM,6
DFW,GTR,6
EAU,LSE,6
LGB,ONT,6
ONT,RNO,6
IAH,PVD,6
MCI,MSN,6
SFB,FNT,6
MLB,JFK,6
ILM,ORD,6
LAS,GRR,6
SDF,JFK,6
TUS,PVU,6
PIE,FNT,6
ATL,HKY,6
SYR,BTV,6
CLT,SWF,6
SRQ,IAD,6
SEA,MFR,6
DFW,BIL,6
DTW,SHV,6
ATW,DEN,6
ROA,CRW,6
GJT,LAS,6
BLV,PIE,6
LIT,SLC,6
ORD,SLN,6
DCA,XNA,6
MOT,AZA,6
ELM,PIE,6
SMF,ABQ,6
BDL,PVD,6
MMH,SNA,6
ACK,LGA,6
SRQ,DCA,6
CID,PHX,6
BIL,MSO,6
MDT,AVP,6
RFD,PIE,6
LNK,DTW,6
BGR,SWF,6
LEX,SFB,6
TRI,MEM,6
TVC,DFW,6
FAR,LAS,6
STS,DEN,6
YUM,SLC,6
AGS,IAH,6
ATL,BGR,6
ICT,SGF,6
TPA,LBE,6
STT,ORD,6
ISN,IAH,6
PSP,ATL,6
ALB,BOS,6
HDN,EWR,6
IFP,PHX,6
SGF,ICT,6
DAL,MSP,6
IND,SAN,6
ICT,SEA,6
TYS,TPA,6
RDU,HPN,5
ONT,MCO,5
AZA,FAR,5
LAS,BIS,5
DRO,IAH,5
IAH,ISN,5
SDF,DAL,5
PIT,SJC,5
BHM,CLE,5
CWA,EAU,5
AUS,IND,5
CHS,CLE,5
GSO,SFB,5
XNA,LAS,5
FLG,DFW,5
MSY,BTR,5
SAT,OKC,5
SOP,ATL,5
PIE,IAG,5
LBL,PUB,5
VPS,ORD,5
PMD,PHX,5
MCO,MSN,5
SLC,CMH,5
PBI,SJU,5
SLE,SLC,5
ATL,BOI,5
ROC,BDL,5
RDU,BHM,5
STX,MCO,5
MYR,CMH,5
SHD,ORD,5
PIE,GSP,5
PHX,GCN,5
ATL,ERI,5
LGA,EGE,5
TTN,BNA,5
BIS,CPR,5
LGA,CHA,5
PIE,FWA,5
LAX,PVU,5
SMF,BFL,5
SLN,ORD,5
SAT,TUL,5
OKC,SMF,5
DEN,COU,5
CMI,CLT,5
IDA,MSP,5
SUX,OMA,5
SHV,ORD,5
PBI,SWF,5
PHL,CRW,5
SFB,GSP,5
PIE,PBG,5
BIL,SEA,5
HLN,BIL,5
SFB,BLV,5
IAG,MYR,5
PGD,TYS,5
HTS,PIE,5
CGI,ORD,5
BOI,MDW,5
VPS,DCA,5
LIT,LGA,5
PFN,CVG,5
ONT,CVG,5
CLE,PDX,5
MFE,LAS,5
CLE,OKC,5
MSO,BIL,5
SFB,MLI,5
SJC,MIA,5
MTJ,ATL,5
ORD,ILM,5
LAS,ATW,5
PIE,SBN,5
ORD,FOE,5
ORD,GPT,5
SFB,HTS,5
OGG,LAS,5
PNS,DEN,5
PGD,ABE,5
GSO,DEN,5
ISP,BDL,5
OAK,SJC,5
ORD,LWB,5
PAE,DEN,5
BOS,SMF,5
PDX,PIT,5
GNV,DFW,5
PHX,GRR,5
AVL,SFB,5
DEN,SYR,5
PGD,RDU,5
ICT,LGA,5
DEN,PIR,5
CHO,LYH,5
PIT,PIE,5
ONT,HNL,5
MDW,BUR,5
BZN,IAH,5
MEM,AEX,5
BWI,SWF,5
PIE,BGR,5
INL,HIB,5
ANC,LGB,5
HLN,GTF,5
SBN,PGD,5
DTW,TOL,5
DEN,PBI,5
IAH,CAK,5
ATL,TVC,5
DEN,BMI,5
OAK,EUG,5
GTR,AEX,5
SLC,SLE,5
ONT,SNA,5
MKE,MIA,5
BLI,OGG,5
SFB,TUL,5
AUS,OKC,5
SBP,SEA,5
YAP,ROR,5
PGD,TOL,5
AZA,RFD,5
TVC,EWR,5
EWR,ANC,5
CAK,LAS,5
GRR,IAD,5
RIC,SDF,5
BUR,HOU,5
RSW,GSO,5
PSP,BLI,5
CVG,PIE,5
LCK,SFB,5
HDN,SEA,5
MIA,PVD,5
OMA,SUX,5
TPA,PHF,5
KOA,DFW,5
MFR,SEA,5
BLV,PGD,5
GSO,JAX,5
SFB,SDF,5
EWR,PSE,5
BIL,FCA,5
RSW,PVD,5
PHX,MTJ,5
CLT,CMI,5
TPA,AVL,5
LAX,MTJ,5
CPR,MSP,5
BDL,ROC,5
RIC,MEM,5
ATL,LGB,5
ICT,COS,5
OAK,MCO,5
SFB,PSM,5
CID,LAS,5
SFB,LCK,5
GUC,ORD,5
AUS,BKG,5
PIA,AZA,5
FAT,ORD,5
LBE,TPA,5
CLE,DAB,5
GSP,SFB,5
PIE,ELM,5
OGG,ANC,5
BGR,BTV,5
AVL,DFW,5
CAK,FLL,5
LRD,LAS,5
RNO,ONT,5
SLC,BDL,5
SFO,MSO,5
ISP,IAD,5
ILM,DFW,5
GSP,DEN,5
CRP,AUS,5
CAK,IAH,5
MDW,BOI,5
LEX,CRW,5
OMA,CID,5
BOS,ACY,5
MDT,SFB,5
BIL,AZA,5
SYR,DEN,5
EWR,ABQ,5
CMI,PIA,5
SWF,TPA,5
IAD,SNA,5
LGA,SJU,5
BRD,INL,5
LGA,ACK,5
TTN,MDW,5
LNK,ICT,5
SFB,SBN,5
DEN,ATY,5
LGA,LWB,5
TOL,PGD,5
ROC,ALB,5
OAK,BLI,5
ILM,RDU,5
ORD,STC,5
FLL,ROC,5
PIE,TYS,5
GRI,LAS,5
RSW,ALB,5
FSD,PIE,5
OKC,SAT,5
PIE,SYR,5
MKK,OGG,5
RSW,SYR,5
ROC,DFW,5
PSM,SFB,5
IAD,BWI,5
EVV,MDW,5
SFB,RIC,5
OAK,SAT,5
EGE,LGA,5
BFL,SAN,4
AMA,MEM,4
RDU,PGD,4
IAH,BZN,4
LGB,ATL,4
SEA,BIL,4
LEX,PIE,4
FLL,BLV,4
SEA,ICT,4
BGR,CLT,4
TOL,SFB,4
MDT,PHL,4
FCA,ATL,4
OKC,LIT,4
MLI,PGD,4
ANC,KOA,4
PIA,PGD,4
PHX,EGE,4
IAD,MLB,4
TUL,SFB,4
SMF,BOS,4
GSO,PIE,4
SDF,GSO,4
USA,FLL,4
CHA,SFB,4
AUS,CRP,4
ALB,RSW,4
SDF,HOU,4
MCO,TUL,4
AZA,LAS,4
JFK,SDF,4
BNA,PGD,4
IAG,PIE,4
LAS,MSN,4
SCK,DEN,4
BNA,SJC,4
ABE,LGA,4
SFO,TVL,4
SMF,OKC,4
CRW,CLE,4
BDL,ISP,4
CID,AZA,4
LAS,GJT,4
CRW,LEX,4
SAV,DEN,4
GRR,IND,4
BIS,SFB,4
IDA,ORD,4
SAN,IND,4
ATL,COU,4
FNT,LGA,4
VPS,OKC,4
PBI,DEN,4
DFW,EYW,4
MFE,SFB,4
PBI,RSW,4
TUL,MCO,4
MDT,PGD,4
SCE,ATL,4
ORD,VPS,4
MSN,PHX,4
ORD,FAI,4
ABE,DCA,4
MEM,AMA,4
FAI,SLC,4
DAY,RSW,4
ORD,SBA,4
AZA,GRI,4
OKC,ABQ,4
PDX,PSC,4
LAS,RFD,4
CAK,FWA,4
BLI,PSP,4
SFB,FSD,4
CIU,MSP,4
MIA,MKE,4
JAN,MSY,4
AZA,OAK,4
PHL,ART,4
PIT,CMI,4
LAS,SBP,4
DSM,SFB,4
MSN,LAX,4
DAL,BKG,4
LGA,LIT,4
SRQ,BNA,4
LAX,PBI,4
SFB,OGS,4
IAH,ACY,4
SDF,PIE,4
GUM,YAP,4
PIE,MCI,4
PIE,MDT,4
AVL,PIE,4
PSC,AZA,4
LAN,DCA,4
ICT,SLC,4
TUL,SMF,4
SUN,LAX,4
BLV,VPS,4
FCA,LAS,4
DCA,MLB,4
LGB,STL,4
PBG,PIE,4
DTW,COS,4
RSW,PBI,4
IAH,DRT,4
PHF,PHL,4
ATY,DEN,4
PGD,PIT,4
SCK,SAN,4
AKN,ADK,4
ISP,MYR,4
CVG,ONT,4
PHX,IFP,4
ATW,SFB,4
EWR,TVC,4
MCI,SDF,4
MFE,LAX,4
PHL,DAB,4
OGS,IAD,4
RSW,DAL,4
ATL,BGM,4
RDU,STX,4
BMI,SFB,4
MKE,MKG,4
JAC,BIL,4
DFW,FLG,4
PBI,LAX,4
SFB,SYR,4
RAP,IAH,4
ATL,MTH,4
BWI,IAD,4
LAX,PRC,4
GRB,AZO,4
PVD,RSW,4
PUB,LAS,4
BUR,MDW,4
FWA,PIE,4
APF,MIA,4
CNY,SLC,4
SFB,ROA,4
FNT,DFW,4
JFK,HYA,4
FAR,PHX,4
MEM,TRI,4
YUM,DFW,4
PGD,RFD,4
FAR,SFB,4
DRT,DFW,4
PSC,LAS,4
EVV,SDF,4
EWR,PNS,4
CHA,PHL,4
PVD,HOU,4
OTH,DEN,4
ABQ,SJC,4
HOU,SLC,4
AUS,JAX,4
MTJ,LAX,4
YUM,LAS,4
JAX,DAL,4
JAX,AUS,4
IAH,PIA,4
GEG,SJC,4
CVG,EGE,4
DFW,KOA,4
BTV,SYR,4
BFL,SNA,4
GPT,SFB,4
TVC,CVG,4
LAS,MOT,4
DAB,MCO,4
FSD,LNK,4
ORF,SFB,4
BZN,DTW,4
CMI,PIT,4
LGA,SLC,4
KOA,ANC,4
LGA,CID,4
IAD,HOU,4
IND,AUS,4
TUL,AUS,4
JFK,MKE,4
DEN,PRC,4
CHS,STL,4
SFB,PIT,4
AZA,BIL,4
AVP,EWR,4
SFO,EGE,4
SFB,LIT,4
TRI,DFW,4
EUG,OAK,4
SNA,PSP,4
LGA,FNT,4
LEX,TRI,4
GRB,DEN,4
PGD,BLV,4
DFW,MRY,4
BHM,MSP,4
BTR,DCA,4
PGD,SWF,4
IDA,DFW,4
SFB,MDT,4
SMX,LAS,4
CLE,CHS,4
LAS,PIE,4
BGR,SFB,4
LAS,XNA,4
CID,OMA,4
IAG,SFB,4
HTS,SFB,4
MEM,TUS,4
ATL,SCE,4
MKE,SDF,4
SMF,SJC,4
DCA,ABE,4
MOB,CVG,4
AVL,LGA,4
RDU,ROA,4
SAV,PIT,4
INL,BRD,4
EVV,SFB,4
MDW,EVV,4
CMH,SEA,4
FLL,LEX,4
ORD,ACY,4
GSP,SAV,4
PGD,SPI,4
FAR,ATL,4
ROR,YAP,4
GTR,DFW,4
SLC,ICT,4
MEM,GTR,4
CVG,BIL,4
PHL,CHA,4
PIE,SFO,4
ATW,LAS,4
HVN,HPN,4
BLV,AZA,4
LFT,MEI,4
TPA,RIC,4
DEN,GSO,4
PSP,SNA,4
CLE,FNT,4
SFB,IND,4
DAL,SDF,4
CVG,PFN,4
BGM,ATL,4
RFD,LAS,4
PGD,SDF,4
XNA,STL,4
PNS,PHL,3
BZN,AZA,3
MYR,TTN,3
MLB,CVG,3
MTJ,PHX,3
SJC,MCO,3
PGD,BNA,3
BIS,AZA,3
ESC,IMT,3
AVL,TPA,3
PIA,IAH,3
XNA,MIA,3
SFB,CLE,3
RDU,SAN,3
LWB,RDU,3
DAB,DFW,3
LYH,BWI,3
IND,DSM,3
AZA,CVG,3
TUS,MCI,3
JAN,DEN,3
LAS,AZA,3
LCK,SRQ,3
ACY,PBI,3
PHL,AVL,3
BWI,MDT,3
DFW,SGU,3
LAS,IDA,3
MCO,OAK,3
OGD,AZA,3
SYR,PGD,3
PIE,SWF,3
EWR,FNT,3
RSW,FLL,3
DEN,ACV,3
CHS,PIT,3
FLL,FNT,3
PHL,SNA,3
SBN,SFB,3
ATL,SOP,3
ATL,CMI,3
RDU,MDT,3
TTN,MYR,3
XNA,CLE,3
PDX,CLE,3
MCO,LIT,3
PIE,OGS,3
ATL,UTM,3
IAD,LWB,3
MCI,DSM,3
MEM,ORF,3
DSM,MCI,3
ALB,SYR,3
CVG,ANC,3
SEA,STS,3
CLE,ERI,3
BZN,GTF,3
FLL,SDF,3
BNA,OKC,3
FOE,ORD,3
MLI,FSD,3
SFB,ORF,3
ICT,LNK,3
IND,CAK,3
UCA,EWR,3
IND,SAV,3
JAX,LAX,3
PBI,PVD,3
BLI,DEN,3
PIE,LEX,3
FNT,CLE,3
FLO,CLT,3
PHX,PMD,3
TRI,DTW,3
TUL,ONT,3
PGD,SBN,3
SDF,LAX,3
DCA,CHA,3
MSY,USA,3
FCA,LAX,3
ALB,PVD,3
MCO,ICT,3
BZN,LAS,3
PIT,PDX,3
DEN,MDT,3
HRL,ORD,3
SFB,OMA,3
CAE,SAV,3
SFB,EVV,3
BNA,TUL,3
MIA,SRQ,3
SNA,IAD,3
BOS,MVY,3
DFW,FNT,3
MKE,PDX,3
SLC,HOU,3
HOU,LBB,3
LAX,JAX,3
HPN,EWR,3
SLC,SGF,3
GRI,AZA,3
TPA,GSP,3
SWF,BWI,3
GJT,LAX,3
IAD,CHA,3
IAD,ISP,3
TUS,GEG,3
AZA,OGD,3
OMA,FSD,3
GEG,TUS,3
SFO,CMH,3
LGA,HSV,3
GTR,MEM,3
CLE,SFB,3
ATW,AZA,3
BWI,CHO,3
UTM,ATL,3
SLC,SBP,3
MYR,MSP,3
PIE,CHA,3
BPT,ATL,3
FLL,STX,3
PBI,MSP,3
LNK,OMA,3
AZA,MOT,3
OGS,SFB,3
MGM,DCA,3
BLI,AZA,3
ACY,IAH,3
FAR,SUX,3
RNO,BUR,3
ROA,EWR,3
SNA,BFL,3
CLT,FLO,3
CID,PIA,3
DTW,CMI,3
SFB,XNA,3
AVL,PGD,3
LAX,DSM,3
SAN,LGB,3
JAC,SEA,3
BUR,RNO,3
MKG,FNT,3
LCK,SAV,3
MKE,SRQ,3
LIT,SGF,3
LAX,BLI,3
DAY,PGD,3
FWA,CAK,3
FSD,SUX,3
CVG,AZA,3
ROA,LWB,3
LCK,MYR,3
HRL,MSP,3
HOU,SDF,3
BUF,DEN,3
BWI,MLB,3
SDF,TYS,3
GTF,BZN,3
ABE,PGD,3
EWR,BTR,3
OMA,SFB,3
SBP,DFW,3
CLT,STX,3
VPS,USA,3
SFB,MEM,3
PNS,JFK,3
SHD,MCO,3
SAV,MSP,3
ATY,PIR,3
SCK,FAT,3
PFN,MGM,3
DAB,CLE,3
GSO,SDF,3
JAN,EWR,3
GSP,FLL,3
IAH,STT,3
BFM,DEN,3
TUS,OMA,3
XNA,SFB,3
FWA,SFB,3
SFB,AUS,3
MRY,LGB,3
DEN,BLI,3
SRQ,MKE,3
LAS,LBE,3
AZA,ICT,3
ISP,MIA,3
PIE,LGA,3
CLE,OMA,3
SFB,ALB,3
LAS,TYS,3
CLT,SJC,3
CPR,ORD,3
STT,RDU,3
CLE,SBN,3
BGR,PIT,3
SYR,TPA,3
RAP,PHX,3
LAS,CAK,3
SNA,MCI,3
BGR,SYR,3
MDT,BWI,3
SYR,BNA,3
BOI,SBA,3
MVY,BOS,3
SFB,SJU,3
MSP,GSO,3
ALB,SFB,3
DAY,LEX,3
SMF,OAK,3
AZA,STC,3
KOA,SLC,3
PSC,LAX,3
MEM,JFK,3
SJC,BNA,3
MSO,AZA,3
ROA,CHO,3
FLL,EYW,3
ACY,BOS,3
SUX,DEN,3
BIL,PDX,3
SJC,SBP,3
BIL,LAS,3
AZA,SGF,3
MDT,PIE,3
PIE,SGF,3
PVD,IAH,3
PFN,MCO,3
SFB,TOL,3
RIC,PIE,3
CMH,PBI,3
TOL,PIE,3
LAX,SDF,3
SWF,PIE,3
OMA,CLE,3
IAD,OGS,3
AZA,ATW,3
COS,EWR,3
SAT,OAK,3
SAV,SDF,3
AUS,CHS,3
JAC,IAH,3
TPA,SAN,3
MCI,VPS,3
GFK,DEN,3
ORD,ATY,3
PHL,PHF,3
LAS,GSP,3
OWB,SFB,3
GRR,PGD,3
PGD,FNT,3
PVD,BDL,3
GUC,SLC,3
MVY,DCA,3
DEN,SUX,3
ALB,MHT,3
MHT,ALB,3
FCA,DFW,3
SJC,ABQ,3
MSP,XWA,3
TYS,PGD,3
DFW,FCA,3
PIE,ABE,3
LAW,ATL,3
ROA,SFB,3
PHX,RAP,3
AUS,TUL,3
FLL,PHF,3
HYA,JFK,3
RDU,PNS,3
RSW,ROC,3
GFK,LAS,3
GRR,PIE,3
LAX,MSN,3
MCI,SNA,3
SDF,SFB,3
PFN,DFW,3
ABE,MYR,3
EWR,PSP,3
PIA,CID,3
SFB,PBG,3
HGR,SFB,3
SFO,HDN,3
LBE,RSW,3
PSM,PGD,3
AZA,BZN,3
SLC,YUM,3
SBN,DEN,3
MMH,LAX,3
BFL,SMF,3
TYS,LAS,3
AZA,SCK,3
LIT,SFB,3
MEM,RIC,3
PIA,SFB,3
CLT,LWB,3
MYR,DEN,3
MCO,CRW,3
PGD,LEX,3
RIC,TPA,3
MLI,SFB,3
MCO,SMF,3
ANI,ANC,3
EWR,UCA,2
ABE,FLL,2
SRQ,SBN,2
TRI,SFB,2
DEN,ILG,2
AZA,EUG,2
HPN,RDU,2
PGD,FWA,2
DTW,BZN,2
VIS,LAX,2
FSD,DSM,2
IND,TUS,2
ORD,OGS,2
LEX,ROA,2
CLE,PGD,2
USA,PGD,2
FSD,SFB,2
MCI,PIE,2
AZA,MCI,2
AZA,BIS,2
MLB,BWI,2
LFT,DEN,2
MIA,OMA,2
MSP,CPR,2
BET,ANI,2
LNK,LAS,2
SMF,MCO,2
BLV,LAS,2
CRW,CAK,2
SCK,AZA,2
AZA,PIA,2
CMH,MSY,2
SDF,FLL,2
SFB,BGR,2
PNS,RDU,2
OMA,IND,2
GTF,AZA,2
SUN,TWF,2
SBN,AZA,2
FNT,MKG,2
OKC,VPS,2
MSP,SRQ,2
LAX,ROW,2
ACV,DEN,2
PVU,TUS,2
PBI,CMH,2
IAD,BUR,2
PIT,MBS,2
MCI,PNS,2
DSM,FSD,2
AZA,MSO,2
PGD,LCK,2
FAR,BIS,2
MEM,PIE,2
LAS,LNK,2
ORF,FAY,2
RDU,ABE,2
PWM,RDU,2
ORD,FAT,2
AUS,OMA,2
STL,PSP,2
EWR,HHH,2
SEA,SBP,2
PIT,CHS,2
PIE,HTS,2
CWA,ATW,2
ATL,FAR,2
LAX,LIT,2
SAV,CAE,2
IAD,LEX,2
MDW,ECP,2
BLV,JAX,2
PIR,ATY,2
LGB,HNL,2
RNO,GEG,2
PIE,BMI,2
OKC,SFB,2
LAX,FCA,2
MKE,TTN,2
BLV,FLL,2
DSM,PIE,2
CHS,MYR,2
BIL,CVG,2
BWI,LYH,2
ROA,PIE,2
TUL,BNA,2
BOI,ATL,2
BTV,MSP,2
RSW,LAS,2
SPI,IAD,2
XNA,VPS,2
GFK,AZA,2
PWM,BDL,2
SFB,OWB,2
PBI,JAX,2
MMH,SAN,2
RSW,COS,2
STS,DFW,2
IND,TTN,2
SGU,CDC,2
IAD,DCA,2
PIT,BGR,2
LAX,DRO,2
CLT,ABQ,2
GRR,MIA,2
RFD,SFB,2
SWF,SFB,2
USA,MSY,2
BWI,SAV,2
LGA,BZN,2
DSM,IND,2
DEN,STS,2
RAP,ATL,2
MCO,BKG,2
SFO,FCA,2
ICT,AZA,2
SFB,RDU,2
SUX,STL,2
DTW,SMF,2
HNL,ONT,2
OAK,DTW,2
BTR,MSY,2
ORD,SHD,2
SAN,MMH,2
ROC,PGD,2
TPA,HSV,2
SHV,SFB,2
BHM,SLC,2
PNS,DAL,2
FSD,AZA,2
TTN,JAX,2
SFB,ATW,2
SFB,CKB,2
GPT,BKG,2
PGD,STC,2
SHV,BKG,2
PIE,RIC,2
CVG,MLB,2
MLB,MIA,2
LAS,BZN,2
RSW,PWM,2
SFB,SWF,2
OKC,BNA,2
SUX,PHX,2
LAX,MSO,2
LAX,MFE,2
GTF,ORD,2
AZA,BOI,2
RNO,HOU,2
DTW,OAK,2
SDF,EVV,2
SBA,PSP,2
HDN,SAN,2
CVG,TTN,2
ERI,CLE,2
PIT,SFB,2
JAN,BTR,2
VPS,EWR,2
LGA,ICT,2
MCO,MYR,2
LAS,RAP,2
MTH,ATL,2
MTJ,CLT,2
ROW,LAX,2
HHH,IAD,2
DEN,MMH,2
BKG,GPT,2
MYR,LEX,2
LAS,ROC,2
MCI,RSW,2
MDT,MYR,2
BTV,PWM,2
ALB,MYR,2
SAT,IND,2
TUS,IND,2
SNA,MEM,2
BOI,AZA,2
RIC,SFB,2
KOA,SMF,2
LAS,BLV,2
PWM,TPA,2
MYR,ABE,2
LGA,DAB,2
LAS,PIA,2
MSP,MYR,2
SFB,GSO,2
LGA,ABE,2
ATL,FCA,2
SFB,ELM,2
MHT,PWM,2
BOS,HNL,2
BDL,CMH,2
RST,ALO,2
SAV,LCK,2
BOS,PSP,2
SLC,FAI,2
MDT,MDW,2
JAX,MCI,2
IND,MYR,2
LAS,SMX,2
PHX,AMA,2
ALB,PIE,2
MLI,PHX,2
ECP,MDW,2
CMH,SFO,2
RDM,AZA,2
PIE,CID,2
MEM,SFB,2
SCE,SFB,2
LNY,MKK,2
AZA,DEN,2
PHX,RSW,2
MMH,DEN,2
COS,SAT,2
EUG,ORD,2
PVD,MIA,2
BNA,OMA,2
BUR,IAD,2
STT,MCO,2
XNA,PHL,2
MCO,ILG,2
LAS,PBI,2
SAN,RDU,2
MIA,GRR,2
SGF,LAS,2
TUS,IAD,2
SJC,CLT,2
VPS,LCK,2
GSO,MYR,2
DTW,ACY,2
PSP,SMF,2
ACY,ORD,2
SFB,RFD,2
TYS,TRI,2
SBN,SRQ,2
PHX,FCA,2
AZA,FCA,2
FLL,ORF,2
LWB,SHD,2
AZA,GRR,2
MAF,AMA,2
JFK,STX,2
BNA,SRQ,2
PGD,MLI,2
AVL,PHL,2
FAT,RAP,2
AEX,MEM,2
HNL,LNY,2
STL,XNA,2
FNT,CLT,2
PWM,RSW,2
HLN,BTM,2
OMA,RSW,2
TTN,CMH,2
CAE,GSP,2
AZA,SBN,2
IND,OAK,2
FNT,EWR,2
PIE,AUS,2
CLE,XNA,2
DFW,GRB,2
JFK,MEM,2
MCI,SFB,2
RAP,LAS,2
RSW,ILG,2
PDX,MKE,2
ATL,BPT,2
DAL,RSW,2
CLT,BGR,2
ONT,MCI,2
HSV,LGA,2
YKM,SEA,2
VPS,SGF,2
XWA,MSP,2
PGD,CLE,2
MOT,SLC,2
ALB,BGR,2
CID,LGA,2
GRR,PHX,2
BKG,AUS,2
ILG,MDW,2
VPS,PIA,2
MYR,MDT,2
LAS,GTF,2
ONT,EWR,2
CAK,MYR,2
RNO,DAL,2
ORD,EUG,2
MSO,SEA,2
DCA,ACK,2
PIE,ATW,2
PGD,PSM,2
GSP,PIE,2
MSO,FCA,2
PSP,BUR,2
SGF,AZA,2
BNA,SAV,2
OAK,IND,2
LAX,PIE,2
TRI,TYS,2
SFB,DAY,2
MLB,DFW,2
DEN,AZA,2
CLT,RAP,2
MBS,PIT,2
BMI,DEN,2
AZA,OMA,2
SEA,SUN,2
YAP,GUM,2
DEN,PNS,2
MYR,HTS,2
SMF,CEC,2
MCO,PFN,2
PIE,GSO,2
SFO,YKM,2
HDN,SFO,2
LAS,FCA,2
SYR,SFB,2
DSM,CLE,2
LAS,BIL,2
FAT,PSP,2
MCO,LFT,2
MSY,JAN,2
PIE,ROA,2
LCK,FLL,2
HOU,CLE,2
RIC,MYR,2
SYR,SRQ,2
STL,CHS,2
MYR,PBG,2
LIT,MCO,2
ATL,MSO,2
MKE,SFB,2
CLE,TTN,2
IND,SAT,2
MYR,RIC,2
MGM,CVG,2
EYW,PHL,2
SJC,TUL,2
GRR,LAN,2
MYR,LCK,2
MDT,FLL,2
OKC,CLE,2
BWI,VPS,2
ALB,SWF,2
EWR,MTJ,2
CID,SFB,2
AZA,FWA,2
PIE,MLI,2
HOU,PVD,2
AZA,PSC,2
PNS,FLL,2
AUS,SFB,2
DSM,AZA,2
VPS,TUL,2
STL,LGB,2
CLE,ABQ,2
BUF,MIA,2
PGD,ROC,2
ORD,PGD,2
VPS,BWI,2
RAP,CLT,2
PBI,GSO,2
PHX,CID,2
AZA,IDA,2
CHO,BWI,2
ATL,OGG,2
LAS,BMI,2
TTN,PGD,2
SGU,DFW,2
OAK,MEM,2
PIA,PIE,2
MSY,SDF,2
HNL,BOS,2
CMI,ATL,2
ONT,OKC,2
MKE,PIE,2
AZA,BLI,2
GTF,LAS,2
MEM,SNA,2
MRY,DFW,2
MIA,XNA,2
DAL,RNO,2
GRR,AZA,2
PGD,USA,2
BLV,SFB,2
STT,IAH,2
PHX,DAY,2
FLL,GSP,2
CLE,HOU,2
BUR,ORD,2
PDX,BLI,2
RDM,ORD,2
FLG,LAS,2
MEM,PDX,2
MYR,CAK,2
LBB,HOU,2
ORD,CPR,2
STS,SEA,2
LAS,SBN,2
DAY,PHX,2
ORD,GTF,2
OMA,AUS,2
BLI,LAX,2
RDU,SFB,2
MSP,DAL,2
CHS,TTN,2
DFW,RST,2
PIE,ORF,2
PGD,IND,2
SRQ,TTN,2
FNT,MYR,2
ANC,EWR,2
GSO,ROA,2
SGF,PIE,2
RDU,XNA,2
LAS,LRD,2
STC,PGD,2
DAL,PNS,2
CLE,CRW,2
DFW,PFN,2
AVL,SRQ,2
ITO,OAK,2
GSP,PIT,1
PBG,PGD,1
SHD,LWB,1
BDL,SLC,1
BUR,SAN,1
BFL,ONT,1
RNO,AUS,1
MYR,SYR,1
TWF,LAX,1
ALB,BDL,1
PHL,MLB,1
SFB,HGR,1
ISP,DTW,1
MSY,SFB,1
AZA,MFR,1
EWR,RAP,1
BOS,SDF,1
UST,PHL,1
ELP,SJC,1
SFB,MFE,1
HTS,PGD,1
UST,IAD,1
BNA,PIE,1
MDT,SRQ,1
JNU,WRG,1
MIA,ISP,1
VPS,TYS,1
PGD,PHL,1
PGD,DSM,1
MSN,GRR,1
ISP,MSY,1
UST,TTN,1
LGA,AGS,1
BNA,MDT,1
TPA,PWM,1
BDL,BTV,1
MSP,BGR,1
JFK,BHM,1
MYR,GSO,1
RSW,JAX,1
MEM,PGD,1
PIT,GSP,1
MLI,MCI,1
CHS,MSP,1
TTN,SRQ,1
SWF,MYR,1
EYW,MCN,1
SMF,FAT,1
MLI,RSW,1
BGM,PHL,1
STS,PDX,1
OMA,PGD,1
SHV,LAS,1
CMH,BDL,1
PIT,SAV,1
ROC,SFB,1
PGD,ATW,1
MLB,TPA,1
IAH,MYR,1
HDN,LGA,1
MTJ,SFO,1
LAX,RAP,1
SFO,LGA,1
PVD,PGD,1
SJU,PIE,1
SWF,DFW,1
DTW,STT,1
TOL,DTW,1
SFB,OKC,1
GRB,DFW,1
SJC,BHM,1
CEC,SMF,1
LEX,HTS,1
ECP,DCA,1
CID,MCO,1
FLL,PNS,1
MDT,ITH,1
SFB,CHA,1
OGG,ATL,1
AUS,BUF,1
SAT,CRP,1
BIS,FAR,1
AGS,MIA,1
MSY,PIE,1
FOE,MCI,1
RFD,AZA,1
SBA,SAN,1
FCA,SFO,1
SAT,COS,1
BLI,SAN,1
ORD,BUR,1
TOL,DFW,1
LGA,BTR,1
RSW,OMA,1
SEA,FCA,1
SAN,SBP,1
PVD,MSY,1
IND,PBI,1
LCK,PIE,1
ALO,RST,1
AUS,SDF,1
USA,VPS,1
EYW,FLL,1
SNA,PVU,1
SFB,ELP,1
DEN,BFM,1
BRO,ORD,1
BUR,BNA,1
CMH,AUS,1
BUR,COS,1
JFK,HDN,1
ILG,IAH,1
DAB,PHL,1
EWR,ONT,1
CMH,TTN,1
SFB,PIA,1
IND,AZA,1
CHS,IND,1
AUS,PVD,1
MSP,CHS,1
RDD,ACV,1
MKE,JFK,1
SBA,ORD,1
MDT,RDU,1
EWR,JFK,1
CLT,HNL,1
IAD,SPI,1
EGE,CVG,1
SJU,SFB,1
LWB,ROA,1
PGD,PIA,1
BGR,PIE,1
SFB,TRI,1
FSD,DTW,1
FCA,PHX,1
MEM,BDL,1
CRW,DAY,1
DSM,LAX,1
MCO,SHD,1
OAK,ITO,1
IND,OMA,1
PHL,BGM,1
FAI,PDX,1
SGF,VPS,1
MYR,MCO,1
LAS,GFK,1
LSE,EAU,1
LFT,MCO,1
MRY,BFL,1
SAV,PVD,1
PIE,MKE,1
PNS,MDW,1
FAT,TUS,1
EGE,SLC,1
ILG,RSW,1
ELM,ATL,1
EWR,ROA,1
GSP,LAS,1
SFB,MCI,1
LWB,CLT,1
PGD,MKE,1
LAS,DAY,1
TTN,CVG,1
MCO,BUR,1
LGA,LAS,1
STL,ALO,1
PIE,OMA,1
ORF,PHX,1
MSY,PVD,1
SFB,GFK,1
IAD,UST,1
RDU,PWM,1
MLB,IAD,1
JAC,IAD,1
PIE,SDF,1
AUS,LCK,1
DEN,TYR,1
TPA,ILG,1
SNA,MMH,1
SDF,BOS,1
MDW,PWM,1
LIT,LAX,1
ALB,SAV,1
IAD,GRR,1
OAK,MSO,1
PSC,YKM,1
IDA,LAS,1
AUS,CMH,1
IAG,PGD,1
RAP,SUX,1
AZA,GTF,1
OAK,GJT,1
ABE,PIE,1
MSY,ACY,1
SLC,MOT,1
MEM,LNK,1
VPS,SDF,1
TTN,MIA,1
SRQ,MSP,1
SNA,ABQ,1
ATW,PIE,1
TUL,SGF,1
CID,PIE,1
BNA,GRR,1
COS,PDX,1
RAP,SFO,1
SJC,SAT,1
BKG,ORD,1
PWM,MSP,1
MIB,MSP,1
SFB,GPT,1
MGM,PFN,1
JAX,BUF,1
SFO,DSM,1
MLB,PHL,1
MCO,IAG,1
FAI,SFO,1
SAN,BLI,1
JAC,PHX,1
EYW,LGA,1
PHL,ANC,1
AZA,SGU,1
ROC,LAS,1
MLB,MCO,1
PHL,EYW,1
FWA,SRQ,1
ALB,PGD,1
BWI,DAB,1
PGD,CHS,1
DEN,SHR,1
CGI,UIN,1
SFO,MTJ,1
FLL,LCK,1
PHF,TPA,1
ORD,UST,1
MCO,PSM,1
LAS,PSC,1
PSP,GJT,1
BOS,HDN,1
GPT,ORD,1
PNS,MCI,1
LAX,VIS,1
AZA,GFK,1
DFW,MLB,1
LEX,SAV,1
SUX,FAR,1
TTN,MKE,1
ELP,SFB,1
PLN,MSP,1
LGA,HDN,1
ILG,TPA,1
TWF,SFO,1
CLE,DSM,1
PIE,BLV,1
PHL,UST,1
COS,RSW,1
LAX,SGF,1
DFW,TOL,1
AZA,DSM,1
FLL,PSE,1
RFD,PGD,1
ANC,BLI,1
GRR,MBS,1
MBS,GRR,1
MDW,MDT,1
SUX,MLI,1
MHT,JFK,1
LCK,VPS,1
FCA,IDA,1
BHM,PNS,1
ILG,MCO,1
IAH,RAP,1
SEA,CMH,1
SJC,MSY,1
OKC,MIA,1
FAT,CDC,1
MCO,GPT,1
TWF,DEN,1
GPT,MCO,1
TWF,SUN,1
PBI,AVL,1
OMA,PIE,1
PSP,EWR,1
KOA,BLI,1
DCA,IAD,1
ORF,PIE,1
LBE,ORD,1
BOS,CAE,1
VPS,EVV,1
MYR,JAX,1
CKB,SFB,1
PBG,MYR,1
SFB,TVC,1
RAP,EWR,1
SWF,PGD,1
DAY,PIE,1
LEX,IAD,1
SLC,GUC,1
ACK,HPN,1
SAT,MGM,1
SRQ,RIC,1
SJU,LGA,1
AVL,DEN,1
MTJ,LGA,1
RIC,PHF,1
PGD,SGF,1
MKE,BKG,1
LGA,SFO,1
PBI,TLH,1
AVP,ELM,1
JAX,SAT,1
SMF,PSP,1
MIA,CAE,1
CID,LAX,1
ART,PHL,1
MCI,PGD,1
SRQ,GRR,1
PBG,SFB,1
SNA,STS,1
LAS,CID,1
SBN,AZO,1
MSP,SAV,1
TUS,MEM,1
VPS,XNA,1
SFB,SAT,1
OAK,COS,1
ORD,ECP,1
DAB,BWI,1
ATW,CWA,1
JAX,GRR,1
HPN,ACK,1
DSM,MCO,1
DEN,RIW,1
SDF,MYR,1
OGS,PIE,1
FLL,GRR,1
SDF,SAV,1
XNA,AZA,1
BNA,TTN,1
AZA,BLV,1
IAD,HHH,1
RDU,LWB,1
MYR,FNT,1
MFE,AZA,1
CAK,IND,1
ISP,SJU,1
PNS,EWR,1
MSY,ISP,1
XNA,RDU,1
FLL,MDT,1
MOT,LAS,1
GEG,TWF,1
TYS,SDF,1
STC,AZA,1
MYR,SWF,1
BUR,BFL,1
SMF,TUL,1
SAT,LGA,1
VPS,IND,1
BKG,MCO,1
ORF,FLL,1
BOS,COS,1
IDA,LAX,1
TTN,STL,1
PAH,LIT,1
VPS,TOL,1
SDF,MKE,1
BUF,AUS,1
SFB,BNA,1
SBN,PIE,1
SFB,CID,1
MSO,LAX,1
PIE,SJU,1
ATL,BIL,1
SUN,ORD,1
SLC,BHM,1
STX,FLL,1
AMA,ORD,1
COS,GJT,1
MYR,CRW,1
DCA,ECP,1
CLE,AGS,1
BWI,TUS,1
DEN,OTH,1
BTV,BGR,1
PBI,MLB,1
CHA,PIE,1
LIT,XNA,1
AZA,RDM,1
DTW,TUS,1
PVU,LAX,1
SLC,CHS,1
SAN,HDN,1
PIE,TOL,1
SDF,AUS,1
MVY,LGA,1
MTJ,CLE,1
MSP,ISP,1
IDA,JAC,1
PSM,MCO,1
ATL,PSE,1
MCI,AZA,1
SGF,LAX,1
PHL,SWF,1
SBN,LAS,1
EUG,MRY,1
MDW,PNS,1
SFB,ROC,1
BFL,BUR,1
SMF,RDD,1
HTS,MYR,1
PIE,TRI,1
IND,LEX,1
MSP,BTV,1
GRR,SAV,1
VPS,PIT,1
HHH,ORD,1
ATW,PGD,1
PHX,JAC,1
PGD,IAG,1
MEM,AZA,1
MSY,CMH,1
DRO,LAX,1
IAH,DRO,1
ATL,BQN,1
HNL,CLT,1
MCI,FOE,1
PIE,AZA,1
DEN,AVL,1
SBA,BOI,1
LAS,MSO,1
TVC,CLE,1
PSC,GJT,1
BHM,FLL,1
DSM,BKG,1
AVP,LGA,1
EYW,DCA,1
IDA,SFO,1
SFB,FWA,1
GRB,MCO,1
TVC,ATL,1
BOS,PVD,1
SMF,KOA,1
STT,LGA,1
ANC,ANI,1
MYR,DAY,1
JFK,LGA,1
SRQ,MDT,1
DEN,BTV,1
VPS,AUS,1
OMA,ICT,1
GSO,RSW,1
PDX,STS,1
VPS,MCI,1
CIU,PLN,1
ONT,BFL,1
JAC,CVG,1
ORD,GJT,1
AZA,MLI,1
DEN,JAN,1
CRW,MYR,1
PNS,AUS,1
RSW,CAE,1
PSP,STL,1
RSW,LBE,1
PHX,MSN,1
LAS,GRI,1
AVP,MDT,1
TVC,SFB,1
JAX,SDF,1
SHV,VPS,1
SRQ,DSM,1
IAG,MCO,1
LAS,FLG,1
ITH,CLT,1
RST,DFW,1
PGD,PVD,1
PGD,MCI,1
DEN,HRL,1
PGD,PBG,1
SAT,SNA,1
PHF,RIC,1
PDX,FAI,1
MSO,LAS,1
BGM,ITH,1
DEN,DDC,1
LAX,OGD,1
ATL,ELM,1
PHL,XNA,1
MLI,LAS,1
SLC,KOA,1
MIA,PSE,1
BUR,MCO,1
PIE,RFD,1
PSP,SBA,1
PGD,OMA,1
MKG,MKE,1
MIA,TTN,1
PIE,FSD,1
SUX,RAP,1
MLB,LGA,1
SBA,MRY,1
ORD,HRL,1
FAT,BFL,1
LAS,SGF,1
TVC,IAD,1
ROC,RSW,1
LAS,SHV,1
ORD,BKG,1
VPS,LGA,1
DAY,CRW,1
SAV,IND,1
IAD,HDN,1
BNA,SYR,1
BLI,TUS,1
LWB,PIT,1
DFW,LIH,1
PBI,IND,1
AUS,VPS,1
LBE,LAS,1
RDD,LAX,1
VPS,CLE,1
SYR,SJU,1
PGD,FSD,1
COD,ORD,1
DLG,ADQ,1
FAI,ORD,1
BZN,LGB,1
SFO,PIE,1
MLI,PIE,1
PGD,TTN,1
PIE,SCE,1
SFO,TWF,1
UST,ORD,1
AGS,DCA,1
PBG,MCO,1
DEN,HOB,1
BTR,LGA,1
SPI,PGD,1
PNS,JAN,1
LAX,PSC,1
FCA,AZA,1
EWR,VPS,1
BLI,ANC,1
ABQ,CLE,1
ANI,KSM,1
OMA,SAT,1
AGS,ORD,1
RAP,IDA,1
CMH,SDF,1
